city,state,state_original,year,month,PM2.5 (ug/m3)_mean,PM2.5 (ug/m3)_flag,PM2.5 (ug/m3)_coverage_pct,PM10 (ug/m3)_mean,PM10 (ug/m3)_flag,PM10 (ug/m3)_coverage_pct,NO (ug/m3)_mean,NO (ug/m3)_flag,NO (ug/m3)_coverage_pct,NO2 (ug/m3)_mean,NO2 (ug/m3)_flag,NO2 (ug/m3)_coverage_pct,NOx (ppb)_mean,NOx (ppb)_flag,NOx (ppb)_coverage_pct,SO2 (ug/m3)_mean,SO2 (ug/m3)_flag,SO2 (ug/m3)_coverage_pct,CO (mg/m3)_mean,CO (mg/m3)_flag,CO (mg/m3)_coverage_pct,NH3 (ug/m3)_mean,NH3 (ug/m3)_flag,NH3 (ug/m3)_coverage_pct,Ozone (ug/m3)_mean,Ozone (ug/m3)_flag,Ozone (ug/m3)_coverage_pct,Benzene (ug/m3)_mean,Benzene (ug/m3)_flag,Benzene (ug/m3)_coverage_pct,Toluene (ug/m3)_mean,Toluene (ug/m3)_flag,Toluene (ug/m3)_coverage_pct,Eth-Benzene (ug/m3)_mean,Eth-Benzene (ug/m3)_flag,Eth-Benzene (ug/m3)_coverage_pct,MP-Xylene (ug/m3)_mean,MP-Xylene (ug/m3)_flag,MP-Xylene (ug/m3)_coverage_pct,O Xylene (ug/m3)_mean,O Xylene (ug/m3)_flag,O Xylene (ug/m3)_coverage_pct,WS (m/s)_mean,WS (m/s)_flag,WS (m/s)_coverage_pct,WD (degree)_mean,WD (degree)_flag,WD (degree)_coverage_pct,RH (%)_mean,RH (%)_flag,RH (%)_coverage_pct,AT (degree C)_mean,AT (degree C)_flag,AT (degree C)_coverage_pct,SR (W/mt2)_mean,SR (W/mt2)_flag,SR (W/mt2)_coverage_pct,RF (mm)_mean,RF (mm)_flag,RF (mm)_coverage_pct,BP (mmHg)_mean,BP (mmHg)_flag,BP (mmHg)_coverage_pct,Xylene (ug/m3)_mean,Xylene (ug/m3)_flag,Xylene (ug/m3)_coverage_pct,CH4 (ug/m3)_mean,CH4 (ug/m3)_flag,CH4 (ug/m3)_coverage_pct,NMHC (ug/m3)_mean,NMHC (ug/m3)_flag,NMHC (ug/m3)_coverage_pct,THC (ug/m3)_mean,THC (ug/m3)_flag,THC (ug/m3)_coverage_pct,CO2 (mg/m3)_mean,CO2 (mg/m3)_flag,CO2 (mg/m3)_coverage_pct,HCHO (ug/m3)_mean,HCHO (ug/m3)_flag,HCHO (ug/m3)_coverage_pct,Hg (ug/m3)_mean,Hg (ug/m3)_flag,Hg (ug/m3)_coverage_pct,SPM (ug/m3)_mean,SPM (ug/m3)_flag,SPM (ug/m3)_coverage_pct,data_quality_tier,actual_data_years,data_first_year,data_last_year,n_stations
Alwar,Rajasthan,Rajasthan,2017,10,99.55076190476193,sparse,42.3,225.9656037151703,sparse,43.4,20.930707692307692,sparse,43.7,52.25586419753087,sparse,43.5,72.93040625,sparse,43.0,17.7105625,sparse,43.0,1.3631325301204822,sparse,44.6,13.069798657718122,sparse,40.1,50.684036697247706,sparse,44.0,2.976948640483384,sparse,44.5,2.645272727272727,sparse,44.4,1.7831498470948013,sparse,44.0,3.7565230769230773,sparse,43.7,1.8174461538461537,sparse,43.7,0.4325538461538462,sparse,43.7,161.86196923076926,sparse,43.7,36.48778461538462,sparse,43.7,28.59015432098765,sparse,43.5,235.55682779456194,sparse,44.5,0.0,sparse,44.5,736.6619913419914,sparse,31.0,,no_data,0.0,,no_data,0.0,,no_data,0.0,,no_data,0.0,,no_data,0.0,,no_data,0.0,,no_data,0.0,,no_data,0.0,tier_2,7,2017,2023,1
Alwar,Rajasthan,Rajasthan,2017,11,106.13559139784945,good,64.6,253.17873051224944,good,62.4,22.595705521472397,good,67.9,53.21576923076923,good,68.6,73.18202635914334,good,84.3,13.518780991735538,good,67.2,1.0318316831683167,good,84.2,33.112711571675305,good,80.4,40.31390688259109,good,68.6,2.5527347611202633,good,84.3,3.0045075125208682,good,83.2,1.4800519031141868,good,80.3,3.3585813148788928,good,80.3,1.6287370242214532,good,80.3,0.3402631578947368,good,68.6,168.98155870445345,good,68.6,47.66412955465587,good,68.6,21.356632124352334,good,80.4,166.22520593080725,good,84.3,0.0,good,84.3,744.6861563517915,sparse,42.6,,no_data,0.0,,no_data,0.0,,no_data,0.0,,no_data,0.0,,no_data,0.0,,no_data,0.0,,no_data,0.0,,no_data,0.0,tier_2,7,2017,2023,1
Alwar,Rajasthan,Rajasthan,2017,12,84.22779850746268,sparse,36.0,194.0838951310861,sparse,35.9,27.003666666666668,sparse,36.3,49.75574074074075,sparse,36.3,39.148370370370365,sparse,36.3,12.429049429657795,sparse,35.3,1.2131111111111113,sparse,36.3,47.19748148148148,sparse,36.3,34.44159259259259,sparse,36.3,2.505296296296296,sparse,36.3,0.5237407407407406,sparse,36.3,1.4342319749216301,sparse,42.9,2.981974921630094,sparse,42.9,1.384796238244514,sparse,42.9,0.3631111111111111,sparse,36.3,173.29322222222223,sparse,36.3,,insufficient,0.0,16.628354430379744,sparse,42.5,214.42944444444444,sparse,36.3,0.005893416927899686,sparse,42.9,744.8799999999999,sparse,36.3,,no_data,0.0,,no_data,0.0,,no_data,0.0,,no_data,0.0,,no_data,0.0,,no_data,0.0,,no_data,0.0,,no_data,0.0,tier_2,7,2017,2023,1
Alwar,Rajasthan,Rajasthan,2018,1,99.49168571428571,good,94.1,239.73342672413793,good,62.4,29.392489626556017,good,97.2,47.23809128630705,good,97.2,76.56178423236514,good,97.2,12.4172754491018,good,89.8,1.3206142857142857,good,94.1,50.423019390581715,good,97.0,33.94736311239193,good,93.3,2.800953038674033,good,97.3,0.8555417956656346,good,86.8,1.5568760611205432,good,79.2,2.934838709677419,good,79.2,1.3918781725888327,good,79.4,0.4229201101928376,good,97.6,156.508870523416,good,97.6,,insufficient,0.0,14.783074581430744,good,88.3,232.18283356258598,good,97.7,0.0007575757575757577,good,97.6,744.8796561210454,good,97.7,,no_data,0.0,,no_data,0.0,,no_data,0.0,,no_data,0.0,,no_data,0.0,,no_data,0.0,,no_data,0.0,,no_data,0.0,tier_2,7,2017,2023,1
Alwar,Rajasthan,Rajasthan,2018,2,58.41022598870056,sparse,26.3,,insufficient,11.9,20.93586206896552,sparse,25.9,42.478202247191014,sparse,26.5,63.564647058823525,sparse,25.3,,insufficient,24.1,0.928830409356725,sparse,25.4,25.333295454545453,sparse,26.2,55.072126436781616,sparse,25.9,,insufficient,14.9,,insufficient,8.5,,insufficient,10.4,,insufficient,10.1,,insufficient,10.9,0.6260919540229885,sparse,25.9,146.90058823529412,sparse,25.3,,insufficient,0.0,18.90432584269663,sparse,26.5,291.9843820224719,sparse,26.5,0.0,sparse,27.8,744.8865730337078,sparse,26.5,,no_data,0.0,,no_data,0.0,,no_data,0.0,,no_data,0.0,,no_data,0.0,,no_data,0.0,,no_data,0.0,,no_data,0.0,tier_2,7,2017,2023,1
Alwar,Rajasthan,Rajasthan,2018,3,50.58978125,sparse,43.0,105.1679487179487,sparse,47.2,,insufficient,0.1,21.372727272727275,sparse,41.4,,insufficient,0.1,10.158436018957348,sparse,28.4,0.8854970760233919,sparse,46.0,11.967022900763357,sparse,35.2,,insufficient,0.1,,insufficient,0.1,,insufficient,0.1,,insufficient,0.1,,insufficient,0.1,,insufficient,0.1,,insufficient,0.1,,insufficient,0.1,,insufficient,0.0,,insufficient,0.1,,insufficient,0.1,,insufficient,0.1,,insufficient,0.1,,no_data,0.0,,no_data,0.0,,no_data,0.0,,no_data,0.0,,no_data,0.0,,no_data,0.0,,no_data,0.0,,no_data,0.0,tier_2,7,2017,2023,1
Alwar,Rajasthan,Rajasthan,2018,4,44.516163522012576,good,66.2,74.39491103202847,good,78.1,,insufficient,0.0,28.73168316831683,good,70.1,,insufficient,0.0,11.442141453831043,good,70.7,0.9309154929577464,good,78.9,19.37812252964427,good,70.3,,insufficient,0.0,,insufficient,0.0,,insufficient,0.0,,insufficient,0.0,,insufficient,0.0,,insufficient,0.0,,insufficient,0.0,,insufficient,0.0,,insufficient,0.0,,insufficient,0.0,,insufficient,0.0,,insufficient,0.0,,insufficient,0.0,,no_data,0.0,,no_data,0.0,,no_data,0.0,,no_data,0.0,,no_data,0.0,,no_data,0.0,,no_data,0.0,,no_data,0.0,tier_2,7,2017,2023,1
Alwar,Rajasthan,Rajasthan,2018,5,64.8382584269663,good,71.8,85.54955908289242,good,76.2,,insufficient,24.3,30.460947176684876,good,73.8,31.762690355329948,sparse,26.5,11.611532846715328,good,73.7,0.6993399339933992,good,81.5,45.00206148282098,good,74.3,,insufficient,24.6,1.4180203045685278,sparse,26.5,5.876598984771573,sparse,26.5,,insufficient,24.2,,insufficient,24.3,,insufficient,24.2,0.5830851063829787,sparse,25.3,162.64,sparse,25.3,,insufficient,0.0,36.665372340425535,sparse,25.3,329.50132978723406,sparse,25.3,0.0025125628140703514,sparse,26.7,755.1995744680852,sparse,25.3,,no_data,0.0,,no_data,0.0,,no_data,0.0,,no_data,0.0,,no_data,0.0,,no_data,0.0,,no_data,0.0,,no_data,0.0,tier_2,7,2017,2023,1
Alwar,Rajasthan,Rajasthan,2018,6,49.99211656441718,good,90.6,94.21430534351146,good,91.0,5.736625194401244,good,89.3,18.670976744186046,good,89.6,22.457720364741643,good,91.4,11.076063122923589,good,83.6,0.644069069069069,good,92.5,31.450261941448385,good,90.1,55.35662613981762,good,91.4,2.477576219512195,good,91.1,5.834885496183206,good,91.0,1.5015448504983389,good,83.6,4.130936507936508,good,87.5,1.757907742998352,good,84.3,0.7880902255639096,good,92.4,169.84950375939852,good,92.4,,insufficient,0.0,33.96514285714286,good,92.4,338.40227477477475,good,61.7,0.06105341246290801,good,93.6,754.7126059654631,good,88.5,,no_data,0.0,,no_data,0.0,,no_data,0.0,,no_data,0.0,,no_data,0.0,,no_data,0.0,,no_data,0.0,,no_data,0.0,tier_2,7,2017,2023,1
Alwar,Rajasthan,Rajasthan,2018,7,44.26437878787879,good,88.7,97.72824324324324,good,89.5,11.222617246596068,good,88.8,21.032465960665657,good,88.8,30.227883755588678,good,90.2,17.086866359447008,good,87.5,0.6102518518518518,good,90.7,24.342651515151516,good,88.7,31.82916041979011,good,89.7,0.5049550898203592,good,89.8,1.2395209580838322,good,89.8,0.20022116903633494,good,85.1,0.50125,good,87.1,0.21032467532467533,good,82.8,0.5893462109955423,good,90.5,160.1278454680535,good,90.5,,insufficient,0.0,30.683560830860536,good,90.6,222.33548494983276,sparse,40.2,0.04712609970674487,good,91.7,754.1317384843982,good,90.5,,no_data,0.0,,no_data,0.0,,no_data,0.0,,no_data,0.0,,no_data,0.0,,no_data,0.0,,no_data,0.0,,no_data,0.0,tier_2,7,2017,2023,1
Alwar,Rajasthan,Rajasthan,2018,8,49.708762589928064,good,93.4,91.90538020086083,good,93.7,17.102259036144577,good,89.2,24.73686274509804,good,89.1,37.63379008746355,good,92.2,11.809416058394161,good,92.1,0.6159636871508379,good,96.2,31.347936746987955,good,89.2,24.86657183499289,good,94.5,0.4357746478873239,good,95.4,1.8917912552891396,good,95.3,0.39925764192139734,good,92.3,0.9778571428571428,good,92.2,0.3535285505124451,good,91.8,0.6630952380952382,good,96.0,212.31371148459382,good,96.0,,insufficient,0.0,29.871806722689076,good,96.0,186.32397759103642,good,96.0,0.03778541953232462,good,97.7,753.9879831932774,good,96.0,,no_data,0.0,,no_data,0.0,,no_data,0.0,,no_data,0.0,,no_data,0.0,,no_data,0.0,,no_data,0.0,,no_data,0.0,tier_2,7,2017,2023,1
Alwar,Rajasthan,Rajasthan,2018,9,29.75375939849624,good,92.4,62.63893233082707,good,92.4,13.103594470046083,good,90.4,20.095883256528417,good,90.4,31.311095890410957,good,91.2,6.458680981595092,good,90.6,0.5114391691394659,good,93.6,28.045674846625765,good,90.6,16.487473684210528,good,92.4,0.5387332339791356,good,93.2,0.33633383010432194,good,93.2,0.3922072072072072,good,92.5,0.933343328335832,good,92.6,0.37350983358547657,good,91.8,0.5653010279001469,good,94.6,190.4915373352855,good,94.9,,insufficient,0.0,27.828638360175695,good,94.9,139.57377745241584,good,94.9,0.0323469387755102,good,95.3,751.5824011713031,good,94.9,,no_data,0.0,,no_data,0.0,,no_data,0.0,,no_data,0.0,,no_data,0.0,,no_data,0.0,,no_data,0.0,,no_data,0.0,tier_2,7,2017,2023,1
Alwar,Rajasthan,Rajasthan,2018,10,65.77879310344828,good,85.8,86.23632148377125,good,87.0,19.641609907120746,good,86.8,38.32483771251932,good,87.0,54.56746951219512,good,88.2,7.652189440993789,good,86.6,0.7191114457831326,good,89.2,43.26886996904025,good,86.8,17.265053272450533,good,88.3,1.7122408536585365,good,88.2,5.807667682926829,good,88.2,1.0108242612752723,good,86.4,2.183592534992224,good,86.4,1.01101246105919,good,86.3,1.2695173453996984,good,89.1,200.33277526395173,good,89.1,,insufficient,0.0,26.159426847662143,good,89.1,144.93374057315233,good,89.1,0.00625,good,90.3,759.2439668174962,good,89.1,,no_data,0.0,,no_data,0.0,,no_data,0.0,,no_data,0.0,,no_data,0.0,,no_data,0.0,,no_data,0.0,,no_data,0.0,tier_2,7,2017,2023,1
Alwar,Rajasthan,Rajasthan,2018,11,44.4503698224852,good,93.9,104.36653450807636,good,94.6,23.2286962962963,good,93.8,71.48087407407407,good,93.8,90.91098820058997,good,94.2,15.145847953216375,good,95.0,0.9704184704184704,good,96.2,33.592370370370375,good,93.8,33.69623546511628,good,95.6,1.977176470588235,good,94.4,6.943755522827687,good,94.3,1.2369126506024095,good,92.2,1.4904969879518073,good,92.2,0.8416114457831326,good,92.2,1.516791366906475,good,96.5,187.9745035971223,good,96.5,,insufficient,0.0,21.196978417266187,good,96.5,114.15148201438849,good,96.5,0.0006876790830945559,good,96.9,759.3297122302158,good,96.5,,no_data,0.0,,no_data,0.0,,no_data,0.0,,no_data,0.0,,no_data,0.0,,no_data,0.0,,no_data,0.0,,no_data,0.0,tier_2,7,2017,2023,1
Alwar,Rajasthan,Rajasthan,2018,12,52.69528832630098,good,95.6,99.09525946704068,good,95.8,26.697244755244753,good,96.1,71.71447552447552,good,96.1,94.87020804438279,good,96.9,16.229958506224065,good,97.2,0.9697961956521739,good,98.9,32.05604195804196,good,96.1,31.255811373092925,good,96.9,2.9325757575757576,good,97.6,9.197231404958677,good,97.6,1.3877607788595272,good,96.6,3.279625,good,96.8,1.3966527777777777,good,96.8,1.5109375000000003,good,98.9,167.76365489130436,good,98.9,,insufficient,0.0,15.148315217391303,good,98.9,101.22478260869566,good,98.9,0.0004716981132075471,good,99.7,760.6004347826088,good,98.9,,no_data,0.0,,no_data,0.0,,no_data,0.0,,no_data,0.0,,no_data,0.0,,no_data,0.0,,no_data,0.0,,no_data,0.0,tier_2,7,2017,2023,1
Alwar,Rajasthan,Rajasthan,2019,1,50.20892857142857,good,97.8,97.27099310344828,good,97.4,14.755,good,85.5,27.449686028257457,good,85.6,40.69270479134467,good,87.0,11.18871012482663,good,96.9,0.8817896174863389,good,98.4,28.72522012578616,good,85.5,36.43409153952843,good,96.9,2.615983379501385,good,97.0,3.5107202216066478,good,97.0,0.3596094839609484,good,96.4,0.8372361111111111,good,96.8,0.4524094707520892,good,96.5,1.6493587994542975,good,98.5,151.32345156889494,good,98.5,,insufficient,0.0,14.3093724420191,good,98.5,108.63987721691677,good,98.5,0.004570259208731242,good,98.5,761.077039563438,good,98.5,,no_data,0.0,,no_data,0.0,,no_data,0.0,,no_data,0.0,,no_data,0.0,,no_data,0.0,,no_data,0.0,,no_data,0.0,tier_2,7,2017,2023,1
Alwar,Rajasthan,Rajasthan,2019,2,35.89089230769231,good,96.7,73.42938080495357,good,96.1,14.349169230769233,good,96.7,36.811138461538455,good,96.7,48.898218125960064,good,96.9,16.1426656394453,good,96.6,0.6312310030395137,good,97.9,30.540446153846155,good,96.7,43.32476263399694,good,97.2,1.6259146341463413,good,97.6,5.985060975609756,good,97.6,0.8079510703363914,good,97.3,1.856177370030581,good,97.3,0.7604128440366973,good,97.3,1.829625748502994,good,99.4,133.09303892215567,good,99.4,,insufficient,0.0,16.80065868263473,good,99.4,136.08576347305387,good,99.4,0.0007772795216741405,good,99.6,760.5982634730539,good,99.4,,no_data,0.0,,no_data,0.0,,no_data,0.0,,no_data,0.0,,no_data,0.0,,no_data,0.0,,no_data,0.0,,no_data,0.0,tier_2,7,2017,2023,1
Alwar,Rajasthan,Rajasthan,2019,3,33.37342981186686,good,92.9,70.71249637155299,good,92.6,12.087263313609467,good,90.9,44.81497777777778,good,90.7,54.13151026392962,good,91.7,17.573513119533526,good,92.2,0.6596248196248197,good,93.1,24.69942307692308,good,90.9,48.96854625550661,good,91.5,1.2265751445086706,good,93.0,9.235158959537571,good,93.0,0.6546131386861314,good,92.1,1.6719124087591242,good,92.1,0.6651970802919708,good,92.1,2.094541547277937,good,93.8,125.80295128939827,good,93.8,,insufficient,0.0,22.831977077363895,good,93.8,172.27707736389684,good,93.8,0.0010384068278805122,good,94.5,762.7021203438396,good,93.8,,no_data,0.0,,no_data,0.0,,no_data,0.0,,no_data,0.0,,no_data,0.0,,no_data,0.0,,no_data,0.0,,no_data,0.0,tier_2,7,2017,2023,1
Alwar,Rajasthan,Rajasthan,2019,4,61.249951060358896,good,85.1,118.46058333333335,good,83.3,10.150725806451613,good,86.1,40.45059581320451,good,86.2,48.35837060702875,good,86.9,17.027911392405063,good,87.8,0.7209984399375975,good,89.0,21.167793880837362,good,86.2,58.850568181818176,good,85.6,1.2284796238244513,good,88.6,5.634043887147336,good,88.6,0.5130805687203791,good,87.9,1.6483412322274882,good,87.9,0.6137440758293838,good,87.9,1.9216978193146417,good,89.2,156.23482866043616,good,89.2,,insufficient,0.0,31.693582554517132,good,89.2,202.9943302180685,good,89.2,0.01452859350850077,good,89.9,758.7960436137072,good,89.2,,no_data,0.0,,no_data,0.0,,no_data,0.0,,no_data,0.0,,no_data,0.0,,no_data,0.0,,no_data,0.0,,no_data,0.0,tier_2,7,2017,2023,1
Alwar,Rajasthan,Rajasthan,2019,5,42.11759410801964,good,82.1,107.78936378466558,good,82.4,9.346787479406919,good,81.6,31.25850574712644,good,81.9,38.59685667752443,good,82.5,14.685129870129868,good,82.8,0.5264412238325281,good,83.5,15.431661184210528,good,81.7,64.68601307189542,good,82.3,0.7641815235008104,good,82.9,4.466921824104235,good,82.5,0.35360197368421054,good,81.7,1.0973649754500818,good,82.1,0.385632183908046,good,81.9,2.1998711755233495,good,83.5,176.76297906602255,good,83.5,,insufficient,0.0,34.202753623188414,good,83.5,217.2954267310789,good,83.5,0.006070287539936102,good,84.1,751.6101932367151,good,83.5,,no_data,0.0,,no_data,0.0,,no_data,0.0,,no_data,0.0,,no_data,0.0,,no_data,0.0,,no_data,0.0,,no_data,0.0,tier_2,7,2017,2023,1
Alwar,Rajasthan,Rajasthan,2019,6,46.75441538461539,good,90.3,108.36678018575851,good,89.7,9.899375000000001,good,88.9,29.226238244514107,good,88.6,37.14476780185758,good,89.7,14.959493087557602,good,90.4,0.6713767019667171,good,91.8,19.533390625,good,88.9,52.593209302325576,good,89.6,0.7010350076103501,good,91.2,3.13441400304414,good,91.2,0.424203125,good,88.9,0.9328923076923077,good,90.3,0.37170846394984325,good,88.6,1.7320303030303028,good,91.7,161.33778787878788,good,91.7,,insufficient,0.0,34.73834848484849,good,91.7,188.5523939393939,good,91.7,0.02481203007518797,good,92.4,733.7080030959752,good,89.7,,no_data,0.0,,no_data,0.0,,no_data,0.0,,no_data,0.0,,no_data,0.0,,no_data,0.0,,no_data,0.0,,no_data,0.0,tier_2,7,2017,2023,1
Alwar,Rajasthan,Rajasthan,2019,7,51.65642756680732,good,95.6,105.49929178470255,good,94.9,9.05629213483146,good,95.7,16.903455056179777,good,95.7,24.59213687150838,good,96.2,12.630510344827584,good,97.4,0.7143681318681318,good,97.8,15.953511235955053,good,95.7,40.65542420027816,good,96.6,0.40215172413793104,good,97.4,2.2772,good,97.4,0.24492913385826773,good,85.3,0.33861812778603273,good,90.5,0.16478260869565217,good,80.4,1.6008481532147742,good,98.3,162.11928767123288,good,98.1,,insufficient,0.0,30.870943912448695,good,98.3,156.3423119015048,good,98.3,0.021527967257844477,good,98.5,734.2840766073872,good,98.3,,no_data,0.0,,no_data,0.0,,no_data,0.0,,no_data,0.0,,no_data,0.0,,no_data,0.0,,no_data,0.0,,no_data,0.0,tier_2,7,2017,2023,1
Alwar,Rajasthan,Rajasthan,2019,8,51.105222222222224,good,96.8,99.81768240343348,good,94.0,8.958856749311295,good,97.6,21.018471074380166,good,97.6,28.415708390646493,good,97.7,12.980493150684929,good,98.1,0.6980081300813009,good,99.2,13.164710743801653,good,97.6,38.345868347338936,good,96.0,0.4392297297297297,good,99.5,2.799554054054054,good,99.5,0.2997699594046008,good,99.3,0.4406630581867388,good,99.3,0.42334235453315294,good,99.3,1.448021534320323,good,99.9,140.50773889636608,good,99.9,,insufficient,0.0,29.288721399730818,good,99.9,153.23528936742932,good,99.9,0.00020161290322580645,good,100.0,733.706325706595,good,99.9,,no_data,0.0,,no_data,0.0,,no_data,0.0,,no_data,0.0,,no_data,0.0,,no_data,0.0,,no_data,0.0,,no_data,0.0,tier_2,7,2017,2023,1
Alwar,Rajasthan,Rajasthan,2019,9,46.38581430745813,good,91.2,81.18095384615386,good,90.3,10.892146050670641,good,93.2,20.485506607929516,good,94.6,28.80481857764876,good,95.7,16.917774566473987,good,96.1,0.6916407355021217,good,98.2,11.84675477239354,good,94.6,37.14146551724138,good,96.7,0.5722967189728959,good,97.4,2.5859771754636234,good,97.4,0.3606131386861314,good,95.1,0.48801749271137024,good,95.3,0.5928905109489051,good,95.1,1.3166761363636363,good,97.8,136.32288352272727,good,97.8,,insufficient,0.0,28.70897727272727,good,97.8,134.93765624999997,good,97.8,0.01330532212885154,good,99.2,733.2692897727272,good,97.8,,no_data,0.0,,no_data,0.0,,no_data,0.0,,no_data,0.0,,no_data,0.0,,no_data,0.0,,no_data,0.0,,no_data,0.0,tier_2,7,2017,2023,1
Alwar,Rajasthan,Rajasthan,2019,10,37.568008534850634,good,94.5,79.32780141843972,good,94.8,6.4237891737891735,good,94.4,20.825299145299144,good,94.4,25.807861189801702,good,94.9,13.520485436893205,good,96.9,0.8488324175824177,good,97.8,21.52356125356125,good,94.4,35.627036011080335,good,97.0,1.3114972527472528,good,97.8,3.202458791208791,good,97.8,0.400926694329184,good,97.2,0.8106777316735823,good,97.2,0.6829737206085754,good,97.2,1.3027148703956346,good,98.5,144.46777626193725,good,98.5,,insufficient,0.0,25.779795361527967,good,98.5,133.17124147339698,good,98.5,0.018021680216802168,good,99.2,732.9133469945355,good,98.4,,no_data,0.0,,no_data,0.0,,no_data,0.0,,no_data,0.0,,no_data,0.0,,no_data,0.0,,no_data,0.0,,no_data,0.0,tier_2,7,2017,2023,1
Alwar,Rajasthan,Rajasthan,2019,11,45.376063218390804,good,96.7,84.77415229885058,good,96.7,9.858575458392101,good,98.5,20.041720733427365,good,98.5,28.892200282087448,good,98.5,16.088225352112676,good,98.6,1.0365730337078651,good,98.9,18.266643159379406,good,98.5,41.054965034965036,good,99.3,1.715661971830986,good,98.6,3.5171971830985918,good,98.6,0.5032112676056337,good,98.6,1.2530281690140845,good,98.6,0.7488450704225351,good,98.6,1.484365411436541,good,99.6,122.65083682008367,good,99.6,,insufficient,0.0,21.659511854951187,good,99.6,102.8199860529986,good,99.6,0.0034170153417015345,good,99.6,733.282119944212,good,99.6,,no_data,0.0,,no_data,0.0,,no_data,0.0,,no_data,0.0,,no_data,0.0,,no_data,0.0,,no_data,0.0,,no_data,0.0,tier_2,7,2017,2023,1
Alwar,Rajasthan,Rajasthan,2019,12,45.42931468531469,good,96.1,89.46760839160838,good,96.1,8.397729196050776,good,95.3,15.806064880112835,good,95.3,24.107813822284907,good,95.3,14.946276445698166,good,95.3,1.3735764375876578,good,95.8,14.383342736248236,good,95.3,32.794125,good,96.8,2.278673184357542,good,96.2,3.000265363128492,good,96.2,0.6210754189944133,good,96.2,1.2422905027932962,good,96.2,0.8351675977653632,good,96.2,1.450179806362379,good,97.2,137.93619640387274,good,97.2,,insufficient,0.0,12.816440443213295,good,97.0,88.97543568464731,good,97.2,0.00034578146611341634,good,97.2,733.3020608575381,good,97.2,,no_data,0.0,,no_data,0.0,,no_data,0.0,,no_data,0.0,,no_data,0.0,,no_data,0.0,,no_data,0.0,,no_data,0.0,tier_2,7,2017,2023,1
Alwar,Rajasthan,Rajasthan,2020,1,43.538914518317505,good,99.1,82.10500678426051,good,99.1,10.090013755158184,good,97.7,20.846217331499314,good,97.7,30.91360385144429,good,97.7,14.882371273712737,good,99.2,0.43554054054054053,good,99.5,16.299613259668504,good,97.3,33.625575101488494,good,99.3,1.5954065040650405,good,99.2,2.205677506775068,good,99.2,0.4573983739837398,good,99.2,0.9764227642276423,good,99.2,0.665921409214092,good,99.2,1.5859757738896367,good,99.9,126.2250201884253,good,99.9,,insufficient,0.0,14.158896366083445,good,99.9,100.78557200538357,good,99.9,0.0008075370121130551,good,99.9,733.1963391655449,good,99.9,,no_data,0.0,,no_data,0.0,,no_data,0.0,,no_data,0.0,,no_data,0.0,,no_data,0.0,,no_data,0.0,,no_data,0.0,tier_2,7,2017,2023,1
Alwar,Rajasthan,Rajasthan,2020,2,51.13266176470588,good,97.7,86.99726470588236,good,97.7,26.04793103448276,good,95.8,44.32372197309417,good,96.1,70.4432585949178,good,96.1,20.173580980683507,good,96.7,0.5744787077826726,good,97.8,23.73301943198804,good,96.1,36.45156891495601,good,98.0,1.547745241581259,good,98.1,2.3443631039531474,good,98.1,0.45262463343108505,good,98.0,1.1004398826979471,good,98.0,0.6095014662756597,good,98.0,1.5111627906976746,good,98.9,141.5818023255814,good,98.9,,insufficient,0.0,17.842296511627907,good,98.9,131.18968023255815,good,98.9,0.00748546511627907,good,98.9,729.5630668604651,good,98.9,,no_data,0.0,,no_data,0.0,,no_data,0.0,,no_data,0.0,,no_data,0.0,,no_data,0.0,,no_data,0.0,,no_data,0.0,tier_2,7,2017,2023,1
Alwar,Rajasthan,Rajasthan,2020,3,38.07098412698413,good,84.7,77.10222222222221,good,84.7,7.766130573248409,good,84.4,31.545793650793648,good,84.7,39.04114285714285,good,84.7,22.182861788617885,good,82.7,0.6796480000000001,good,84.0,22.95961904761905,good,84.7,36.26132911392405,good,84.9,0.6086929133858268,good,85.3,1.2431496062992127,good,85.3,0.28982622432859395,good,85.1,0.3489257503949447,good,85.1,0.34996840442338073,good,85.1,1.7701880877742946,good,85.8,138.4180721003135,good,85.8,,insufficient,0.0,21.946551724137933,good,85.8,158.88996865203762,good,85.8,0.05410658307210032,good,85.8,726.4238087774295,good,85.8,,no_data,0.0,,no_data,0.0,,no_data,0.0,,no_data,0.0,,no_data,0.0,,no_data,0.0,,no_data,0.0,,no_data,0.0,tier_2,7,2017,2023,1
Alwar,Rajasthan,Rajasthan,2020,4,21.292521367521367,good,97.5,42.87972972972973,good,97.6,4.441485714285714,good,97.2,25.65978571428571,good,97.2,29.727171428571424,good,97.2,14.551652298850575,good,96.7,0.5821951219512195,good,96.8,17.1960485021398,good,97.4,39.92447976878612,good,96.1,0.5393029871977241,good,97.6,0.919302987197724,good,97.6,0.20304449648711942,good,59.3,0.23876000000000003,good,69.4,0.192025,good,55.6,1.713664772727273,good,97.8,141.02626420454544,good,97.8,,insufficient,0.0,29.116732954545455,good,97.8,201.45011363636365,good,97.8,0.004261363636363636,good,97.8,724.3172301136364,good,97.8,,no_data,0.0,,no_data,0.0,,no_data,0.0,,no_data,0.0,,no_data,0.0,,no_data,0.0,,no_data,0.0,,no_data,0.0,tier_2,7,2017,2023,1
Alwar,Rajasthan,Rajasthan,2020,5,28.342932761087265,good,94.0,61.59452074391989,good,94.0,3.9300992907801424,good,94.8,24.36541076487252,good,94.9,28.059745042492917,good,94.9,10.653589743589743,good,94.4,0.5655903271692746,good,94.5,18.939178470254955,good,94.9,41.28655367231638,good,95.2,0.5360312944523471,good,94.5,1.0207681365576105,good,94.5,0.16993485342019546,sparse,41.3,0.15431372549019606,good,61.7,0.0898828125,sparse,34.4,1.8329329608938545,good,96.2,163.68793296089385,good,96.2,,insufficient,0.0,32.84649441340782,good,96.2,211.49986033519554,good,96.2,0.011270949720670392,good,96.2,720.7586173184358,good,96.2,,no_data,0.0,,no_data,0.0,,no_data,0.0,,no_data,0.0,,no_data,0.0,,no_data,0.0,,no_data,0.0,,no_data,0.0,tier_2,7,2017,2023,1
Alwar,Rajasthan,Rajasthan,2020,6,39.291066666666666,good,93.8,75.67355223880597,good,93.1,8.076800595238096,good,93.3,20.55870535714286,good,93.3,28.456083086053415,good,93.6,11.956881405563689,good,94.9,0.6265597667638485,good,95.3,23.196849925705795,good,93.5,36.14418879056048,good,94.2,0.6905627705627706,good,96.2,1.4877489177489178,good,96.2,0.14462264150943394,good,58.9,0.21814878892733566,good,80.3,0.11712820512820513,good,54.2,1.8169814020028614,good,97.1,146.96844062947068,good,97.1,,insufficient,0.0,31.968855507868383,good,97.1,199.71839771101574,good,97.1,0.0244206008583691,good,97.1,718.0697424892704,good,97.1,,no_data,0.0,,no_data,0.0,,no_data,0.0,,no_data,0.0,,no_data,0.0,,no_data,0.0,,no_data,0.0,,no_data,0.0,tier_2,7,2017,2023,1
Alwar,Rajasthan,Rajasthan,2020,7,38.33748554913295,good,93.0,68.85305475504323,good,93.3,7.0740921787709485,good,96.2,16.967611731843576,good,96.2,23.93572625698324,good,96.2,10.906162310866575,good,97.7,0.5743347050754458,good,98.0,21.622346368715085,good,96.2,32.33562414266118,good,98.0,0.502749658002736,good,98.3,1.4042134062927496,good,98.3,0.1319088319088319,sparse,47.2,0.19927063339731288,good,70.0,0.16038338658146964,sparse,42.1,1.801899592944369,good,99.1,158.5498236092266,good,99.1,,insufficient,0.0,31.48366350067843,good,99.1,180.96093622795118,good,99.1,0.008032564450474898,good,99.1,717.7549796472183,good,99.1,,no_data,0.0,,no_data,0.0,,no_data,0.0,,no_data,0.0,,no_data,0.0,,no_data,0.0,,no_data,0.0,,no_data,0.0,tier_2,7,2017,2023,1
Alwar,Rajasthan,Rajasthan,2020,8,28.885137741046833,good,97.6,54.263191196698756,good,97.7,6.36404958677686,good,97.6,12.231046831955922,good,97.6,18.54487603305785,good,97.6,13.311481994459836,good,97.0,0.617817679558011,good,97.3,16.23308539944904,good,97.6,24.49050754458162,good,98.0,0.5039614855570839,good,97.7,1.5793810178817056,good,97.7,0.16477366255144035,sparse,32.7,0.264683908045977,sparse,46.8,0.23943661971830985,sparse,28.6,1.7739999999999998,good,98.8,144.11873469387757,good,98.8,,insufficient,0.0,28.716625850340137,good,98.8,150.7592925170068,good,98.8,0.06882993197278912,good,98.8,726.0151564625851,good,98.8,,no_data,0.0,,no_data,0.0,,no_data,0.0,,no_data,0.0,,no_data,0.0,,no_data,0.0,,no_data,0.0,,no_data,0.0,tier_2,7,2017,2023,1
Alwar,Rajasthan,Rajasthan,2020,9,38.84694645441389,good,96.0,70.7208345323741,good,96.5,6.439560117302054,good,94.7,18.638225806451615,good,94.7,24.856939970717423,good,94.9,12.40960294117647,good,94.4,0.729493487698987,good,96.0,14.884648093841642,good,94.7,28.85438040345821,good,96.4,0.7791279069767442,good,95.6,2.1906831395348836,good,95.6,0.26698453608247424,good,53.9,0.44746170678336983,good,63.5,0.3030434782608696,sparse,44.7,1.5847360912981456,good,97.4,175.31539229671895,good,97.4,,insufficient,0.0,30.438787446505,good,97.4,175.6969044222539,good,97.4,0.0063052781740370895,good,97.4,731.3955064194008,good,97.4,,no_data,0.0,,no_data,0.0,,no_data,0.0,,no_data,0.0,,no_data,0.0,,no_data,0.0,,no_data,0.0,,no_data,0.0,tier_2,7,2017,2023,1
Alwar,Rajasthan,Rajasthan,2020,10,51.23210674157303,good,95.7,93.3680985915493,good,95.4,7.301366197183098,good,95.4,36.58019662921349,good,95.7,43.68290730337078,good,95.7,13.099102384291724,good,95.8,0.9231748251748253,good,96.1,13.247907303370784,good,95.7,40.454625,good,96.8,1.852447257383966,good,95.6,2.9084810126582283,good,95.6,0.37256410256410255,good,89.1,1.0787518142235124,good,92.6,0.49683333333333335,good,80.6,1.4079972375690608,good,97.3,183.05820441988953,good,97.3,,insufficient,0.0,27.17817679558011,good,97.3,148.6317955801105,good,97.3,0.0,good,97.3,734.880179558011,good,97.3,,no_data,0.0,,no_data,0.0,,no_data,0.0,,no_data,0.0,,no_data,0.0,,no_data,0.0,,no_data,0.0,,no_data,0.0,tier_2,7,2017,2023,1
Alwar,Rajasthan,Rajasthan,2020,11,58.8307225433526,good,96.1,106.21011577424024,good,96.0,18.306396526772794,good,96.0,44.05884393063584,good,96.1,62.13875901875901,good,96.2,11.383319209039547,good,98.3,1.0487252124645892,good,98.1,19.03471780028944,good,96.0,32.593498583569406,good,98.1,2.2741369472182598,good,97.4,3.638659058487874,good,97.4,0.5489792899408285,good,93.9,1.8029899856938483,good,97.1,0.8144796380090498,good,92.1,1.4333005617977528,good,98.9,180.92011235955056,good,98.9,,insufficient,0.0,19.604227528089886,good,98.9,120.56210674157303,good,98.9,0.0015449438202247193,good,98.9,740.5100140449438,good,98.9,,no_data,0.0,,no_data,0.0,,no_data,0.0,,no_data,0.0,,no_data,0.0,,no_data,0.0,,no_data,0.0,,no_data,0.0,tier_2,7,2017,2023,1
Alwar,Rajasthan,Rajasthan,2020,12,54.77597014925373,good,99.1,111.80453315290936,good,99.3,31.534264305177114,good,98.7,46.5291961852861,good,98.7,77.9400953678474,good,98.7,11.485986394557822,good,98.8,1.099199457259159,good,99.1,23.041964529331512,good,98.5,52.07850622406638,good,97.2,2.4090784044016504,good,97.7,3.915735900962861,good,97.7,0.5592428571428572,good,94.1,1.7933147632311979,good,96.5,0.8507591240875912,good,92.1,1.5608882907133244,good,99.9,146.29415881561238,good,99.9,,insufficient,0.0,15.835100942126514,good,99.9,112.70596231493943,good,99.9,0.0,good,99.9,740.6451144010769,good,99.9,,no_data,0.0,,no_data,0.0,,no_data,0.0,,no_data,0.0,,no_data,0.0,,no_data,0.0,,no_data,0.0,,no_data,0.0,tier_2,7,2017,2023,1
Alwar,Rajasthan,Rajasthan,2021,1,56.177554644808744,good,98.4,105.54558743169399,good,98.4,33.52362021857924,good,98.4,39.13669398907104,good,98.4,72.53841530054645,good,98.4,11.247435197817188,good,98.5,1.0505170068027212,good,98.8,17.291760660247594,good,97.7,23.13038043478261,good,98.9,2.511795580110497,good,97.3,3.506519337016575,good,97.3,0.39618846694796067,good,95.6,1.1000414364640883,good,97.3,0.5087752161383285,good,93.3,1.577405405405405,good,99.5,141.48313513513514,good,99.5,,insufficient,0.0,13.929878378378376,good,99.5,121.77136486486486,good,99.5,0.0063783783783783795,good,99.5,739.8261891891892,good,99.5,,no_data,0.0,,no_data,0.0,,no_data,0.0,,no_data,0.0,,no_data,0.0,,no_data,0.0,,no_data,0.0,,no_data,0.0,tier_2,7,2017,2023,1
Alwar,Rajasthan,Rajasthan,2021,2,49.18521276595745,good,97.9,106.2535220125786,good,94.6,21.085030581039753,good,97.3,25.793904761904763,good,93.8,46.993287461773704,good,97.3,11.187223974763405,good,94.3,0.9606969696969696,good,98.2,17.169157733537517,good,97.2,26.36190909090909,good,98.2,2.3459447004608296,good,96.9,4.097619047619048,good,96.9,0.7992924528301886,good,94.6,1.7404945904173108,good,96.3,0.7608945686900959,good,93.2,1.520990990990991,good,99.1,166.25018018018017,good,99.1,,insufficient,0.0,20.157882882882884,good,99.1,153.67213213213216,good,99.1,0.004354354354354354,good,99.1,739.1132882882883,good,99.1,,no_data,0.0,,no_data,0.0,,no_data,0.0,,no_data,0.0,,no_data,0.0,,no_data,0.0,,no_data,0.0,,no_data,0.0,tier_2,7,2017,2023,1
Alwar,Rajasthan,Rajasthan,2021,3,50.7856712328767,good,98.1,106.42518467852257,good,98.3,11.749306518723994,good,96.9,14.731991701244812,good,97.2,25.78671270718232,good,97.3,12.689432918395573,good,97.2,0.6302758620689656,good,97.4,16.51500691562932,good,97.2,21.32882596685083,good,97.3,1.5590846047156726,good,96.9,2.567975034674064,good,96.9,1.076343930635838,good,93.0,1.57475317348378,good,95.3,1.008488888888889,good,90.7,1.8038315217391303,good,98.9,152.9640760869565,good,98.9,,insufficient,0.0,26.42748641304348,good,98.9,176.47134510869566,good,98.9,0.000407608695652174,good,98.9,736.3220652173914,good,98.9,,no_data,0.0,,no_data,0.0,,no_data,0.0,,no_data,0.0,,no_data,0.0,,no_data,0.0,,no_data,0.0,,no_data,0.0,tier_2,7,2017,2023,1
Alwar,Rajasthan,Rajasthan,2021,4,44.04663636363636,good,91.7,85.27204819277108,good,92.2,8.209049773755657,good,92.1,18.10492469879518,good,92.2,25.99177710843373,good,92.2,13.121629297458892,good,92.9,0.5061160714285714,good,93.3,12.023253012048192,good,92.2,25.014904831625184,good,94.9,0.8907396449704144,good,93.9,1.609112426035503,good,93.9,0.3026938775510204,good,68.1,0.6659325044404972,good,78.2,0.3203333333333333,good,58.3,1.8706386066763423,good,95.7,163.53650217706823,good,95.7,,insufficient,0.0,30.57547169811321,good,95.7,203.11,good,95.7,0.0009433962264150946,good,95.7,734.4892743105951,good,95.7,,no_data,0.0,,no_data,0.0,,no_data,0.0,,no_data,0.0,,no_data,0.0,,no_data,0.0,,no_data,0.0,,no_data,0.0,tier_2,7,2017,2023,1
Alwar,Rajasthan,Rajasthan,2021,5,31.780620592383638,good,95.3,65.81543785310734,good,95.2,9.356671348314606,good,95.7,19.28924157303371,good,95.7,28.21182584269663,good,95.7,11.794512022630837,good,95.0,0.6023695345557123,good,95.3,10.782345505617979,good,95.7,26.314170153417017,good,96.4,0.6608769448373409,good,95.0,1.2338755304101838,good,95.0,0.1478419452887538,sparse,44.2,0.3489227166276347,good,57.4,0.17664259927797837,sparse,37.2,1.909639389736477,good,96.9,159.81829403606105,good,96.9,,insufficient,0.0,30.329195561719832,good,96.9,199.17614424410542,good,96.9,0.08457697642163663,good,96.9,731.4043273231623,good,96.9,,no_data,0.0,,no_data,0.0,,no_data,0.0,,no_data,0.0,,no_data,0.0,,no_data,0.0,,no_data,0.0,,no_data,0.0,tier_2,7,2017,2023,1
Alwar,Rajasthan,Rajasthan,2021,6,31.227050147492623,good,94.2,71.3041826215022,good,94.3,7.9261227544910176,good,92.8,17.769850746268656,good,93.1,25.33789865871833,good,93.2,12.682735562310032,good,91.4,0.5021052631578948,good,92.4,11.845059701492536,good,93.1,31.365937961595275,good,94.0,0.7761384615384616,good,90.3,1.9757538461538462,good,90.3,,insufficient,11.2,,insufficient,15.3,,insufficient,6.5,2.099854862119013,good,95.7,164.65248185776485,good,95.7,,insufficient,0.0,32.732060957910015,good,95.7,208.84275761973876,good,95.7,0.09523947750362845,good,95.7,728.4578955007257,good,95.7,,no_data,0.0,,no_data,0.0,,no_data,0.0,,no_data,0.0,,no_data,0.0,,no_data,0.0,,no_data,0.0,,no_data,0.0,tier_2,7,2017,2023,1
Alwar,Rajasthan,Rajasthan,2021,7,33.54755131964809,good,91.7,82.11955686853767,good,91.0,7.687107558139536,good,92.5,15.15941089837997,good,91.3,21.488301886792453,good,92.6,12.476696165191742,good,91.1,0.6029913294797687,good,93.0,14.832452554744524,good,92.1,23.294190340909093,good,94.6,0.726230215827338,good,93.4,1.918460431654676,good,93.4,1.8013084112149533,sparse,28.8,1.2744725738396625,sparse,31.9,1.0145631067961165,sparse,27.7,2.024746478873239,good,95.4,158.53450704225352,good,95.4,,insufficient,0.0,31.11912676056338,good,95.4,177.01684507042253,good,95.4,0.08753521126760565,good,95.4,727.6212112676056,good,95.4,,no_data,0.0,,no_data,0.0,,no_data,0.0,,no_data,0.0,,no_data,0.0,,no_data,0.0,,no_data,0.0,,no_data,0.0,tier_2,7,2017,2023,1
Alwar,Rajasthan,Rajasthan,2021,8,30.247500000000002,good,95.7,76.45849929873773,good,95.8,6.947087517934003,good,93.7,22.89477761836442,good,93.7,29.165444126074497,good,93.8,11.464472140762462,good,91.7,0.7870014556040756,good,92.3,15.864398280802293,good,93.8,19.62577840112202,good,95.8,0.8627428571428573,good,94.1,8.07317142857143,good,94.1,,insufficient,24.7,0.901829268292683,sparse,33.1,,insufficient,17.3,2.0539638386648122,good,96.6,187.4023226703755,good,96.6,,insufficient,0.0,29.724478442280944,good,96.6,176.53692628650904,good,96.6,0.07947222222222224,good,96.8,729.4089707927678,good,96.6,,no_data,0.0,,no_data,0.0,,no_data,0.0,,no_data,0.0,,no_data,0.0,,no_data,0.0,,no_data,0.0,,no_data,0.0,tier_2,7,2017,2023,1
Alwar,Rajasthan,Rajasthan,2021,9,27.04158640226629,good,98.1,61.894603399433436,good,98.1,7.152111269614836,good,97.4,27.208930099857344,good,97.4,34.022781740370895,good,97.4,11.542660687593424,good,92.9,0.730784023668639,good,93.9,15.495306704707563,good,97.4,16.09303672316384,good,98.3,0.702410841654779,good,97.4,1.8667475035663337,good,97.4,0.6273441734417343,good,51.2,0.579025,good,55.6,0.6897513812154695,good,50.3,1.860225035161744,good,98.8,106.86834036568214,good,98.8,,insufficient,0.0,27.45095639943741,good,98.8,175.46874465049927,good,97.4,0.05329113924050633,good,98.8,731.4224613220816,good,98.8,,no_data,0.0,,no_data,0.0,,no_data,0.0,,no_data,0.0,,no_data,0.0,,no_data,0.0,,no_data,0.0,,no_data,0.0,tier_2,7,2017,2023,1
Alwar,Rajasthan,Rajasthan,2021,10,38.467074542897336,good,95.6,75.68304225352112,good,95.4,21.700714285714287,good,94.1,28.30900284900285,good,94.4,49.407439544807964,good,94.5,11.584402985074627,good,90.1,0.8815147058823529,good,91.4,29.214857142857145,good,94.1,23.45402524544179,good,95.8,0.8816033755274264,good,95.6,0.9724753867791843,good,95.6,0.8670394736842105,good,61.3,0.7899350649350649,good,62.1,0.778543046357616,good,60.9,1.4864534075104312,good,96.6,189.45203059805286,good,96.6,,insufficient,0.0,26.422141863699583,good,96.6,177.98840055632823,good,96.6,0.0027816411682892906,good,96.6,735.2288873435327,good,96.6,,no_data,0.0,,no_data,0.0,,no_data,0.0,,no_data,0.0,,no_data,0.0,,no_data,0.0,,no_data,0.0,,no_data,0.0,tier_2,7,2017,2023,1
Alwar,Rajasthan,Rajasthan,2021,11,68.0511030478955,good,95.7,122.64417391304347,good,95.8,38.71757575757576,good,96.2,44.612939481268015,good,96.4,83.12190476190476,good,96.2,12.262717717717718,good,92.5,1.3116691505216096,good,93.2,50.68832611832611,good,96.2,19.151485714285716,good,97.2,1.6434014598540145,good,95.1,2.4923941605839417,good,95.1,0.360873786407767,sparse,42.9,0.878053892215569,sparse,46.4,0.21899613899613898,sparse,36.0,1.3703120567375888,good,97.9,182.23243971631206,good,97.9,,insufficient,0.0,20.023304964539008,good,97.9,129.33588652482268,good,97.9,0.0,good,97.9,738.6093191489362,good,97.9,,no_data,0.0,,no_data,0.0,,no_data,0.0,,no_data,0.0,,no_data,0.0,,no_data,0.0,,no_data,0.0,,no_data,0.0,tier_2,7,2017,2023,1
Alwar,Rajasthan,Rajasthan,2021,12,57.66895747599451,good,98.0,106.06792866941014,good,98.0,40.405528120713306,good,98.0,46.37865569272976,good,98.0,86.61153635116598,good,98.0,9.28510729613734,good,94.0,1.2373870056497176,good,95.2,54.73068587105624,good,98.0,15.848405994550408,good,98.7,2.5339310344827584,good,97.4,2.4270896551724137,good,97.4,0.12208333333333334,good,67.7,0.19296028880866428,good,74.5,0.12729957805907174,good,63.7,1.4017027027027027,good,99.5,156.07282432432433,good,99.5,,insufficient,0.0,15.198783783783782,good,99.5,107.30940540540541,good,99.5,0.0012162162162162162,good,99.5,741.6811756756757,good,99.5,,no_data,0.0,,no_data,0.0,,no_data,0.0,,no_data,0.0,,no_data,0.0,,no_data,0.0,,no_data,0.0,,no_data,0.0,tier_2,7,2017,2023,1
Alwar,Rajasthan,Rajasthan,2022,1,47.650787292817675,good,97.3,91.87702627939142,good,97.2,31.969707520891365,good,96.5,29.09955431754875,good,96.5,60.866178521617854,good,96.4,12.474341534008683,good,92.9,0.8984240687679081,good,93.8,35.135188284518826,good,96.4,13.5785969738652,good,97.7,1.4396836313617607,good,97.7,0.9864924346629985,good,97.7,0.05698492462311558,sparse,26.7,0.07440758293838862,sparse,28.4,,insufficient,18.8,1.5214617486338797,good,98.4,135.2373087431694,good,98.4,,insufficient,0.0,12.770150273224044,good,98.4,114.93497267759562,good,98.4,0.03427595628415301,good,98.4,740.073319672131,good,98.4,,no_data,0.0,,no_data,0.0,,no_data,0.0,,no_data,0.0,,no_data,0.0,,no_data,0.0,,no_data,0.0,,no_data,0.0,tier_2,7,2017,2023,1
Alwar,Rajasthan,Rajasthan,2022,2,38.24866564417178,good,97.0,89.16021604938271,good,96.4,36.8055365474339,good,95.7,30.98012422360248,good,95.8,67.56389751552796,good,95.8,12.978555008210181,good,90.6,0.7899837925445704,good,91.8,37.44101088646967,good,95.7,17.260705521472392,good,97.0,0.6459782608695652,good,95.8,2.7717080745341613,good,95.8,,insufficient,9.7,,insufficient,10.1,,insufficient,8.5,1.592030534351145,good,97.5,148.15998473282443,good,97.5,,insufficient,0.0,17.558152671755725,good,97.5,180.56366412213742,good,97.5,0.0038931297709923667,good,97.5,737.9849923664121,good,97.5,,no_data,0.0,,no_data,0.0,,no_data,0.0,,no_data,0.0,,no_data,0.0,,no_data,0.0,,no_data,0.0,,no_data,0.0,tier_2,7,2017,2023,1
Alwar,Rajasthan,Rajasthan,2022,3,37.98144790257104,good,99.3,98.5,good,99.1,32.37430344827587,good,97.4,33.035475862068964,good,97.4,65.14828965517242,good,97.4,12.007739628040056,good,94.0,0.6871751412429379,good,95.2,34.68718232044199,good,97.3,18.807262872628726,good,99.2,0.6311772665764547,good,99.3,0.8967794316644114,good,99.3,0.0717098445595855,sparse,25.9,0.0552863436123348,sparse,30.5,,insufficient,20.8,1.6535483870967742,good,100.0,142.1321370967742,good,100.0,,insufficient,0.0,26.986344086021507,good,100.0,228.09690860215053,good,100.0,0.0,good,100.0,735.4889112903226,good,100.0,,no_data,0.0,,no_data,0.0,,no_data,0.0,,no_data,0.0,,no_data,0.0,,no_data,0.0,,no_data,0.0,,no_data,0.0,tier_2,7,2017,2023,1
Alwar,Rajasthan,Rajasthan,2022,4,38.40409929078014,good,97.9,106.13639204545453,good,97.8,30.602518301610548,good,94.9,29.048960468521233,good,94.9,59.12511695906433,good,95.0,14.858128834355828,good,90.6,0.6110581222056631,good,93.2,32.04303074670571,good,94.9,21.79627478753541,good,98.1,0.5918607954545455,good,97.8,0.5422585227272727,good,97.8,,insufficient,17.6,,insufficient,22.1,,insufficient,15.1,1.7872471910112362,good,98.9,189.10540730337078,good,98.9,,insufficient,0.0,33.946530898876404,good,98.9,260.8613061797753,good,98.9,0.0001404494382022472,good,98.9,732.3174438202246,good,98.9,,no_data,0.0,,no_data,0.0,,no_data,0.0,,no_data,0.0,,no_data,0.0,,no_data,0.0,,no_data,0.0,,no_data,0.0,tier_2,7,2017,2023,1
Alwar,Rajasthan,Rajasthan,2022,5,52.47747545582048,good,95.8,122.54422752808988,good,95.7,11.245991316931981,good,92.9,18.606304347826086,good,92.7,29.51276410998553,good,92.9,12.820857580398163,good,87.8,0.5812407680945347,good,91.0,21.690376811594202,good,92.7,25.416346967559942,good,95.3,0.4361924686192469,good,96.4,0.2743793584379358,good,96.4,,insufficient,8.3,,insufficient,8.3,,insufficient,5.6,1.8541944444444445,good,96.8,175.5106111111111,good,96.8,,insufficient,0.0,35.04108333333333,good,96.8,272.18202777777776,good,96.8,0.0019444444444444444,good,96.8,728.5231388888888,good,96.8,,no_data,0.0,,no_data,0.0,,no_data,0.0,,no_data,0.0,,no_data,0.0,,no_data,0.0,,no_data,0.0,,no_data,0.0,tier_2,7,2017,2023,1
Alwar,Rajasthan,Rajasthan,2022,6,41.6347564469914,good,96.9,99.09468571428572,good,97.2,10.338970149253733,good,93.1,14.923487332339791,good,93.2,24.964977645305513,good,93.2,14.833722044728434,good,86.9,0.6362518740629685,good,92.6,15.51544776119403,good,93.1,23.7653637660485,good,97.4,0.29376080691642653,good,96.4,0.49373198847262245,good,96.4,,insufficient,3.1,,insufficient,5.8,,insufficient,2.6,2.021912181303116,good,98.1,199.36978753541078,good,98.1,,insufficient,0.0,34.29262039660056,good,98.1,250.3576912181303,good,98.1,0.057974504249291785,good,98.1,727.8595750708215,good,98.1,,no_data,0.0,,no_data,0.0,,no_data,0.0,,no_data,0.0,,no_data,0.0,,no_data,0.0,,no_data,0.0,,no_data,0.0,tier_2,7,2017,2023,1
Alwar,Rajasthan,Rajasthan,2022,7,29.880426997245177,good,97.6,64.95348005502063,good,97.7,10.886055312954875,good,92.3,8.05265988372093,good,92.5,18.364331395348838,good,92.5,13.748495440729483,good,88.4,0.6625072886297376,good,92.2,11.542983988355166,good,92.3,13.687840440165061,good,97.7,0.8043169398907104,good,98.4,1.7952595628415302,good,98.4,,insufficient,13.0,,insufficient,20.3,,insufficient,9.4,1.6552309782608696,good,98.9,145.24578804347826,good,98.9,,insufficient,0.0,29.593709239130437,good,98.9,210.0770652173913,good,98.9,0.03896739130434783,good,98.9,728.4914266304347,good,98.9,,no_data,0.0,,no_data,0.0,,no_data,0.0,,no_data,0.0,,no_data,0.0,,no_data,0.0,,no_data,0.0,,no_data,0.0,tier_2,7,2017,2023,1
Alwar,Rajasthan,Rajasthan,2022,8,29.19048409405256,good,97.2,62.14052558782849,good,97.2,8.87821582733813,good,93.4,4.860172661870503,good,93.4,13.438258992805755,good,93.4,13.912717557251911,good,88.0,0.4741168091168091,good,94.4,7.5557697841726625,good,93.4,17.333724420190997,good,98.5,0.41509562841530057,good,98.4,0.2902595628415301,good,98.4,,insufficient,0.3,,insufficient,0.3,,insufficient,0.3,1.737059620596206,good,99.2,137.54760162601625,good,99.2,,insufficient,0.0,28.797032520325203,good,99.2,197.43776422764228,good,99.2,0.01764227642276423,good,99.2,729.1841869918699,good,99.2,,no_data,0.0,,no_data,0.0,,no_data,0.0,,no_data,0.0,,no_data,0.0,,no_data,0.0,,no_data,0.0,,no_data,0.0,tier_2,7,2017,2023,1
Alwar,Rajasthan,Rajasthan,2022,9,30.078218390804597,good,96.7,82.55353448275862,good,96.7,14.387997010463378,good,92.9,6.642060150375939,good,92.4,19.92705970149254,good,93.1,11.336512345679012,good,90.0,0.6145252225519288,good,93.6,11.767057057057057,good,92.5,19.238244382022472,good,98.9,0.45983146067415726,good,98.9,0.5176123595505618,good,98.9,,insufficient,4.9,,insufficient,7.1,,insufficient,5.8,1.7505726256983238,good,99.4,133.98403631284916,good,99.4,,insufficient,0.0,29.097695530726252,good,99.4,211.47677374301676,good,99.4,0.027011173184357543,good,99.4,731.5161592178772,good,99.4,,no_data,0.0,,no_data,0.0,,no_data,0.0,,no_data,0.0,,no_data,0.0,,no_data,0.0,,no_data,0.0,,no_data,0.0,tier_2,7,2017,2023,1
Alwar,Rajasthan,Rajasthan,2022,10,37.842732394366195,good,95.4,83.56461430575035,good,95.8,13.25762811127379,good,91.8,14.719061583577712,good,91.7,27.795344070278187,good,91.8,13.272503770739066,good,89.1,0.7996816208393631,good,92.9,16.951384388807067,good,91.3,22.064714086471405,good,96.4,0.6884151472650771,good,95.8,1.1995652173913043,good,95.8,0.3313023255813954,sparse,28.9,0.838109965635739,sparse,39.1,0.5245876288659794,sparse,26.1,1.4749035812672175,good,97.6,135.68506887052342,good,97.6,,insufficient,0.0,25.097988980716252,good,97.6,170.6745316804408,good,97.6,0.03213498622589532,good,97.6,736.4712672176311,good,97.6,,no_data,0.0,,no_data,0.0,,no_data,0.0,,no_data,0.0,,no_data,0.0,,no_data,0.0,,no_data,0.0,,no_data,0.0,tier_2,7,2017,2023,1
Alwar,Rajasthan,Rajasthan,2022,11,56.33322081575246,good,98.8,107.39618846694796,good,98.8,14.828591549295776,good,98.6,31.257704225352114,good,98.6,46.02167605633803,good,98.6,11.179913169319827,good,96.0,0.886835260115607,good,96.1,26.996169014084504,good,98.6,23.79808391608391,good,99.3,0.7711312849162011,good,99.4,1.1192737430167596,good,99.4,0.43562801932367157,good,57.5,1.3488362919132149,good,70.4,0.613448275862069,sparse,48.3,1.369013888888889,good,100.0,148.34922222222224,good,100.0,,insufficient,0.0,20.855833333333333,good,100.0,139.16293055555556,good,100.0,0.0010416666666666667,good,100.0,739.0993611111112,good,100.0,,no_data,0.0,,no_data,0.0,,no_data,0.0,,no_data,0.0,,no_data,0.0,,no_data,0.0,,no_data,0.0,,no_data,0.0,tier_2,7,2017,2023,1
Alwar,Rajasthan,Rajasthan,2022,12,57.2387568306011,good,98.4,101.15955739972337,good,97.2,14.922500000000001,good,95.2,37.123403954802264,good,95.2,51.846991525423725,good,95.2,12.908235294117647,good,91.4,0.9776998597475455,good,95.8,29.193206214689265,good,95.2,20.644795640326972,good,98.7,0.8124487004103969,good,98.3,1.065704514363885,good,98.3,0.780856102003643,good,73.8,2.0523676012461056,good,86.3,1.009372197309417,good,59.9,1.5008130081300812,good,99.2,159.88158536585365,good,99.2,,insufficient,0.0,15.950867208672088,good,99.2,113.22334688346884,good,99.2,0.0,good,99.2,739.9639566395666,good,99.2,,no_data,0.0,,no_data,0.0,,no_data,0.0,,no_data,0.0,,no_data,0.0,,no_data,0.0,,no_data,0.0,,no_data,0.0,tier_2,7,2017,2023,1
Alwar,Rajasthan,Rajasthan,2023,1,65.54796472184532,good,99.1,104.82474254742546,good,99.2,15.522756680731364,good,95.6,38.858241912798874,good,95.6,54.19583684950774,good,95.6,11.956203438395416,good,93.8,0.9499172413793102,good,97.4,20.55863572433193,good,95.6,21.101657608695653,good,98.9,0.7747354138398915,good,99.1,0.8666350067842605,good,99.1,1.1281081081081081,good,64.7,2.3630544747081714,good,69.1,1.0341534391534393,good,50.8,1.539353099730458,good,99.7,152.15801886792454,good,99.7,,insufficient,0.0,13.027183288409704,good,99.7,108.56188679245285,good,99.7,0.0,good,99.7,741.389676549865,good,99.7,,no_data,0.0,,no_data,0.0,,no_data,0.0,,no_data,0.0,,no_data,0.0,,no_data,0.0,,no_data,0.0,,no_data,0.0,tier_2,7,2017,2023,1
Alwar,Rajasthan,Rajasthan,2023,2,44.5703527607362,good,97.0,88.62381172839505,good,96.4,19.85184126984127,good,93.8,41.959111111111106,good,93.8,61.49227848101266,good,94.0,12.543,good,95.2,0.7489045383411581,good,95.1,30.20252380952381,good,93.8,26.384082568807337,good,97.3,0.3007656967840735,good,97.2,0.6828177641653905,good,97.2,0.7347087378640776,good,61.3,2.0002752293577983,good,64.9,0.815531914893617,sparse,49.0,1.6350680786686842,good,98.4,150.30340393343417,good,98.4,,insufficient,0.0,21.047378787878788,good,98.2,187.6497881996974,good,98.4,0.0,good,98.4,738.8884568835099,good,98.4,,no_data,0.0,,no_data,0.0,,no_data,0.0,,no_data,0.0,,no_data,0.0,,no_data,0.0,,no_data,0.0,,no_data,0.0,tier_2,7,2017,2023,1
Alwar,Rajasthan,Rajasthan,2023,3,32.20954154727794,good,93.8,72.28238636363636,good,94.6,16.529389534883723,good,92.5,43.88619186046511,good,92.5,60.252979651162796,good,92.5,12.109081481481482,good,90.7,0.5903382352941177,good,91.4,32.864433139534874,good,92.5,29.37168776371308,good,95.6,0.3061095505617978,good,95.7,0.3423174157303371,good,95.7,0.6737460317460318,sparse,42.3,1.0728571428571427,sparse,45.2,,insufficient,22.4,1.8132217573221756,good,96.4,151.38984658298463,good,96.4,,insufficient,0.0,23.771771269177126,good,96.4,207.67969316596935,good,96.4,0.0,good,96.4,737.5389539748953,good,96.4,,no_data,0.0,,no_data,0.0,,no_data,0.0,,no_data,0.0,,no_data,0.0,,no_data,0.0,,no_data,0.0,,no_data,0.0,tier_2,7,2017,2023,1
