city,state,state_original,year,month,PM2.5 (ug/m3)_mean,PM2.5 (ug/m3)_flag,PM2.5 (ug/m3)_coverage_pct,PM10 (ug/m3)_mean,PM10 (ug/m3)_flag,PM10 (ug/m3)_coverage_pct,NO (ug/m3)_mean,NO (ug/m3)_flag,NO (ug/m3)_coverage_pct,NO2 (ug/m3)_mean,NO2 (ug/m3)_flag,NO2 (ug/m3)_coverage_pct,NOx (ppb)_mean,NOx (ppb)_flag,NOx (ppb)_coverage_pct,SO2 (ug/m3)_mean,SO2 (ug/m3)_flag,SO2 (ug/m3)_coverage_pct,CO (mg/m3)_mean,CO (mg/m3)_flag,CO (mg/m3)_coverage_pct,NH3 (ug/m3)_mean,NH3 (ug/m3)_flag,NH3 (ug/m3)_coverage_pct,Ozone (ug/m3)_mean,Ozone (ug/m3)_flag,Ozone (ug/m3)_coverage_pct,Benzene (ug/m3)_mean,Benzene (ug/m3)_flag,Benzene (ug/m3)_coverage_pct,WS (m/s)_mean,WS (m/s)_flag,WS (m/s)_coverage_pct,WD (degree)_mean,WD (degree)_flag,WD (degree)_coverage_pct,RH (%)_mean,RH (%)_flag,RH (%)_coverage_pct,AT (degree C)_mean,AT (degree C)_flag,AT (degree C)_coverage_pct,SR (W/mt2)_mean,SR (W/mt2)_flag,SR (W/mt2)_coverage_pct,RF (mm)_mean,RF (mm)_flag,RF (mm)_coverage_pct,BP (mmHg)_mean,BP (mmHg)_flag,BP (mmHg)_coverage_pct,Toluene (ug/m3)_mean,Toluene (ug/m3)_flag,Toluene (ug/m3)_coverage_pct,Eth-Benzene (ug/m3)_mean,Eth-Benzene (ug/m3)_flag,Eth-Benzene (ug/m3)_coverage_pct,MP-Xylene (ug/m3)_mean,MP-Xylene (ug/m3)_flag,MP-Xylene (ug/m3)_coverage_pct,O Xylene (ug/m3)_mean,O Xylene (ug/m3)_flag,O Xylene (ug/m3)_coverage_pct,Xylene (ug/m3)_mean,Xylene (ug/m3)_flag,Xylene (ug/m3)_coverage_pct,CH4 (ug/m3)_mean,CH4 (ug/m3)_flag,CH4 (ug/m3)_coverage_pct,NMHC (ug/m3)_mean,NMHC (ug/m3)_flag,NMHC (ug/m3)_coverage_pct,THC (ug/m3)_mean,THC (ug/m3)_flag,THC (ug/m3)_coverage_pct,CO2 (mg/m3)_mean,CO2 (mg/m3)_flag,CO2 (mg/m3)_coverage_pct,HCHO (ug/m3)_mean,HCHO (ug/m3)_flag,HCHO (ug/m3)_coverage_pct,Hg (ug/m3)_mean,Hg (ug/m3)_flag,Hg (ug/m3)_coverage_pct,SPM (ug/m3)_mean,SPM (ug/m3)_flag,SPM (ug/m3)_coverage_pct,data_quality_tier,actual_data_years,data_first_year,data_last_year,n_stations
Asansol,West Bengal,West Bengal,2018,2,96.51967889908258,good,97.3,178.88490045941808,good,97.2,9.333522205206737,good,97.2,66.83935582822085,good,97.0,75.93434915773355,good,97.2,26.717259842519685,good,94.5,1.5171472392638037,good,97.0,31.845644171779142,good,97.0,25.025521472392636,good,97.0,15.15522022838499,good,91.2,0.5519406392694065,good,97.8,247.9786170212766,good,97.9,49.91306990881459,good,97.9,,insufficient,0.0,149.4121308980213,good,97.8,0.0011263318112633182,good,97.8,998.132800608828,good,97.8,,no_data,0.0,,no_data,0.0,,no_data,0.0,,no_data,0.0,,no_data,0.0,,no_data,0.0,,no_data,0.0,,no_data,0.0,,no_data,0.0,,no_data,0.0,,no_data,0.0,,no_data,0.0,tier_2,6,2018,2023,1
Asansol,West Bengal,West Bengal,2018,3,78.31573770491804,good,98.4,153.83849726775955,good,98.4,5.331531034482759,good,97.4,71.09489655172415,good,97.4,76.13971034482759,good,97.4,21.282799442896934,good,96.5,1.3377459016393443,good,98.4,35.59093793103448,good,97.4,27.322937158469944,good,98.4,17.40033921302578,good,99.1,0.5796675712347353,good,99.1,228.0777069199457,good,99.1,40.67056987788331,good,99.1,,insufficient,0.0,174.2918724559023,good,99.1,0.0008412483039348711,good,99.1,994.1688195386704,good,99.1,,no_data,0.0,,no_data,0.0,,no_data,0.0,,no_data,0.0,,no_data,0.0,,no_data,0.0,,no_data,0.0,,no_data,0.0,,no_data,0.0,,no_data,0.0,,no_data,0.0,,no_data,0.0,tier_2,6,2018,2023,1
Asansol,West Bengal,West Bengal,2018,4,51.52008658008658,good,96.2,85.55376080691643,good,96.4,5.506264367816091,good,96.7,35.06723098995696,good,96.8,40.54111908177905,good,96.8,6.97472491909385,good,85.8,1.1209090909090909,good,96.2,31.31262553802009,good,96.8,39.41908695652174,good,95.8,8.448218390804598,good,96.7,0.4752567760342368,good,97.4,164.0941940085592,good,97.4,64.44262482168331,good,97.4,,insufficient,0.0,200.4135805991441,good,97.4,0.09049928673323823,good,97.4,991.9780884450785,good,97.4,,no_data,0.0,,no_data,0.0,,no_data,0.0,,no_data,0.0,,no_data,0.0,,no_data,0.0,,no_data,0.0,,no_data,0.0,,no_data,0.0,,no_data,0.0,,no_data,0.0,,no_data,0.0,tier_2,6,2018,2023,1
Asansol,West Bengal,West Bengal,2018,5,48.41755813953488,good,92.5,72.48761976047903,good,89.8,6.120284857571215,good,89.7,24.20497751124438,good,89.7,30.31584707646177,good,89.7,3.10375748502994,good,89.8,1.145,good,93.5,24.03061469265367,good,89.7,44.86619392185239,good,92.9,8.007520891364901,good,96.5,0.32479913916786224,good,93.7,136.8300286944046,good,93.7,71.10301291248207,good,93.7,,insufficient,0.0,225.20288718929254,good,70.3,0.032639885222381634,good,93.7,988.7845911047345,good,93.7,,no_data,0.0,,no_data,0.0,,no_data,0.0,,no_data,0.0,,no_data,0.0,,no_data,0.0,,no_data,0.0,,no_data,0.0,,no_data,0.0,,no_data,0.0,,no_data,0.0,,no_data,0.0,tier_2,6,2018,2023,1
Asansol,West Bengal,West Bengal,2018,6,43.198498985801216,good,68.5,78.22614141414142,good,68.8,6.53136546184739,good,69.2,24.97907630522088,good,69.2,31.525160642570278,good,69.2,2.0506236559139785,good,64.6,1.1515400410677616,good,67.6,21.89617234468938,good,69.3,36.046065573770484,good,67.8,8.300282828282826,good,68.8,0.7055367793240557,good,69.9,176.9184368737475,good,69.3,70.44807615230461,good,69.3,,insufficient,0.0,,insufficient,0.0,0.09263888888888888,good,70.0,984.3541482965932,good,69.3,,no_data,0.0,,no_data,0.0,,no_data,0.0,,no_data,0.0,,no_data,0.0,,no_data,0.0,,no_data,0.0,,no_data,0.0,,no_data,0.0,,no_data,0.0,,no_data,0.0,,no_data,0.0,tier_2,6,2018,2023,1
Asansol,West Bengal,West Bengal,2018,7,50.91508417508417,sparse,39.9,43.01303703703704,good,72.6,7.106339468302658,good,65.7,19.23465306122449,good,65.9,26.368568507157462,good,65.7,3.4161208576998052,good,69.0,1.1343357933579334,good,72.8,22.852729124236255,good,66.0,16.808032128514057,good,66.9,7.8272407407407405,good,72.6,2.1770268006700166,good,80.2,165.18441077441076,good,79.8,85.78309764309765,good,79.8,,insufficient,0.0,,insufficient,0.0,0.0795469798657718,good,80.1,982.8868855218856,good,79.8,,no_data,0.0,,no_data,0.0,,no_data,0.0,,no_data,0.0,,no_data,0.0,,no_data,0.0,,no_data,0.0,,no_data,0.0,,no_data,0.0,,no_data,0.0,,no_data,0.0,,no_data,0.0,tier_2,6,2018,2023,1
Asansol,West Bengal,West Bengal,2018,8,26.42954924874791,good,80.5,44.7620770519263,good,80.2,6.8187500000000005,good,76.3,16.085384615384612,good,73.4,21.80051993067591,good,77.6,3.1320637583892617,good,80.1,1.132850082372323,good,81.6,13.017206896551725,good,78.0,23.732222222222227,good,73.8,6.905522388059703,good,72.0,0.851373182552504,good,83.2,164.84300970873787,good,83.1,87.31661812297735,good,83.1,,insufficient,0.0,,insufficient,0.0,0.22061488673139154,good,83.1,984.4019093851131,good,83.1,,no_data,0.0,,no_data,0.0,,no_data,0.0,,no_data,0.0,,no_data,0.0,,no_data,0.0,,no_data,0.0,,no_data,0.0,,no_data,0.0,,no_data,0.0,,no_data,0.0,,no_data,0.0,tier_2,6,2018,2023,1
Asansol,West Bengal,West Bengal,2018,9,37.40535773710482,good,83.5,67.41262560777957,good,85.7,7.010729166666667,sparse,40.0,14.572387543252596,sparse,40.1,21.562318339100347,sparse,40.1,14.284784240150092,good,74.0,0.5835152487961476,good,86.5,13.063992805755396,sparse,38.6,29.250258899676375,good,85.8,3.672762520193861,good,86.0,0.4292731629392972,good,86.9,179.70616372391655,good,86.5,82.81504012841093,good,86.5,,insufficient,0.0,,insufficient,0.0,0.12469648562300317,good,86.9,990.6089566613163,good,86.5,,no_data,0.0,,no_data,0.0,,no_data,0.0,,no_data,0.0,,no_data,0.0,,no_data,0.0,,no_data,0.0,,no_data,0.0,,no_data,0.0,,no_data,0.0,,no_data,0.0,,no_data,0.0,tier_2,6,2018,2023,1
Asansol,West Bengal,West Bengal,2018,10,67.04086687306501,good,86.8,112.93059633027524,good,87.9,19.327838660578387,good,88.3,30.592965838509315,good,86.6,49.1500304414003,good,88.3,7.22711009174312,good,87.9,0.7145731707317073,good,88.2,14.250907590759077,good,81.5,33.03458143074582,good,88.3,9.161697247706423,good,87.9,0.3878755690440061,good,88.6,179.2725,good,88.2,68.70074695121951,good,88.2,,insufficient,0.0,135.96289738430582,good,66.8,0.007151515151515151,good,88.7,984.2961550151974,good,88.4,,no_data,0.0,,no_data,0.0,,no_data,0.0,,no_data,0.0,,no_data,0.0,,no_data,0.0,,no_data,0.0,,no_data,0.0,,no_data,0.0,,no_data,0.0,,no_data,0.0,,no_data,0.0,tier_2,6,2018,2023,1
Asansol,West Bengal,West Bengal,2018,11,91.32450210378683,good,99.0,158.05596072931274,good,99.0,20.745013966480446,good,99.4,56.80219273743017,good,99.4,77.52199720670392,good,99.4,9.010886075949367,good,98.8,0.9303651685393259,good,98.9,31.758059071729964,good,98.8,21.077006993006993,good,99.3,19.381382823871906,good,95.4,0.5092896935933147,good,99.7,219.57558659217875,good,99.4,61.256033519553064,good,99.4,,insufficient,0.0,110.85356145251396,good,99.4,0.0,good,99.7,1013.7161173184357,good,99.4,,no_data,0.0,,no_data,0.0,,no_data,0.0,,no_data,0.0,,no_data,0.0,,no_data,0.0,,no_data,0.0,,no_data,0.0,,no_data,0.0,,no_data,0.0,,no_data,0.0,,no_data,0.0,tier_2,6,2018,2023,1
Asansol,West Bengal,West Bengal,2018,12,98.30372628726286,good,99.2,168.66636363636363,good,99.1,22.877671232876715,good,98.1,56.91361788617886,good,99.2,78.5469918699187,good,99.2,10.848220108695653,good,98.9,0.8830027173913043,good,98.9,30.402571428571427,good,98.8,17.813202702702704,good,99.5,16.508430311231393,good,99.3,0.5677321668909825,good,99.9,261.02265856950066,good,99.6,61.57782726045885,good,99.6,,insufficient,0.0,97.19032388663967,good,99.6,0.009057873485868102,good,99.9,1015.6117004048583,good,99.6,,no_data,0.0,,no_data,0.0,,no_data,0.0,,no_data,0.0,,no_data,0.0,,no_data,0.0,,no_data,0.0,,no_data,0.0,,no_data,0.0,,no_data,0.0,,no_data,0.0,,no_data,0.0,tier_2,6,2018,2023,1
Asansol,West Bengal,West Bengal,2019,1,108.5981241565452,good,99.6,185.32894736842104,good,99.6,29.389433198380566,good,99.6,56.89121293800539,good,99.7,86.34137651821861,good,99.6,13.225336021505377,good,100.0,0.8670754716981132,good,99.7,60.211150202976995,good,99.3,11.784952893674292,good,99.9,12.181605937921727,good,99.6,0.4977217741935483,good,100.0,263.4619758064516,good,100.0,58.43388440860215,good,100.0,,insufficient,0.0,106.2619758064516,good,100.0,0.0,good,100.0,1016.4860887096776,good,100.0,,no_data,0.0,,no_data,0.0,,no_data,0.0,,no_data,0.0,,no_data,0.0,,no_data,0.0,,no_data,0.0,,no_data,0.0,,no_data,0.0,,no_data,0.0,,no_data,0.0,,no_data,0.0,tier_2,6,2018,2023,1
Asansol,West Bengal,West Bengal,2019,2,83.052,good,94.5,130.52993680884677,good,94.2,32.435007898894156,good,94.2,46.937728706624604,good,94.3,78.2003159557662,good,94.2,12.229968652037618,good,94.9,0.6264296998420221,good,94.2,109.78364500792392,good,93.9,13.437744479495269,good,94.3,16.71105180533752,good,94.8,0.528359375,good,95.2,239.65183098591552,good,95.1,56.77485133020345,good,95.1,,insufficient,0.0,156.30801251956183,good,95.1,0.016328124999999995,good,95.2,1014.0084663536775,good,95.1,,no_data,0.0,,no_data,0.0,,no_data,0.0,,no_data,0.0,,no_data,0.0,,no_data,0.0,,no_data,0.0,,no_data,0.0,,no_data,0.0,,no_data,0.0,,no_data,0.0,,no_data,0.0,tier_2,6,2018,2023,1
Asansol,West Bengal,West Bengal,2019,3,74.09394270122783,good,98.5,124.15852459016395,good,98.4,6.365750350631137,good,95.8,33.078176718092564,good,95.8,38.69565217391305,good,95.8,14.705425824175823,good,97.8,0.6650622406639004,good,97.2,25.16348703170029,good,93.3,18.140246913580246,good,98.0,11.063126721763085,good,97.6,0.46868206521739136,good,98.9,240.1149046321526,good,98.7,47.84647138964577,good,98.7,26.383397435897432,good,83.9,192.3201498637602,good,98.7,0.007228260869565218,good,98.9,1011.1383514986377,good,98.7,,no_data,0.0,,no_data,0.0,,no_data,0.0,,no_data,0.0,,no_data,0.0,,no_data,0.0,,no_data,0.0,,no_data,0.0,,no_data,0.0,,no_data,0.0,,no_data,0.0,,no_data,0.0,tier_2,6,2018,2023,1
Asansol,West Bengal,West Bengal,2019,4,52.24178621659634,good,98.8,91.65652112676057,good,98.6,3.2958211143695015,good,94.7,25.981656891495597,good,94.7,27.999486803519062,good,94.7,3.3787357954545456,good,97.8,0.4091139240506329,good,98.8,28.198372434017596,good,94.7,31.86802816901409,good,98.6,2.8995744680851065,good,97.9,0.47133193863319384,good,99.6,174.56230125523012,good,99.6,61.60693165969316,good,99.6,29.305885634588563,good,99.6,205.34269177126922,good,99.6,0.00910739191073919,good,99.6,1007.658940027894,good,99.6,,no_data,0.0,,no_data,0.0,,no_data,0.0,,no_data,0.0,,no_data,0.0,,no_data,0.0,,no_data,0.0,,no_data,0.0,,no_data,0.0,,no_data,0.0,,no_data,0.0,,no_data,0.0,tier_2,6,2018,2023,1
Asansol,West Bengal,West Bengal,2019,5,46.31135245901639,good,98.4,90.09836065573771,good,98.4,2.944176136363637,good,94.6,23.115923295454547,good,94.6,24.645099431818185,good,94.6,3.1888712011577423,good,92.9,0.42991735537190084,good,97.6,28.122826704545457,good,94.6,47.48833783783784,good,99.5,2.2675034867503485,good,96.4,0.4300134770889489,good,99.7,195.72076819407008,good,99.7,61.85544474393531,good,99.7,31.710148247978438,good,99.7,221.96175202156334,good,99.7,0.04575471698113207,good,99.7,1003.667398921833,good,99.7,,no_data,0.0,,no_data,0.0,,no_data,0.0,,no_data,0.0,,no_data,0.0,,no_data,0.0,,no_data,0.0,,no_data,0.0,,no_data,0.0,,no_data,0.0,,no_data,0.0,,no_data,0.0,tier_2,6,2018,2023,1
Asansol,West Bengal,West Bengal,2019,6,38.7495358649789,good,98.8,64.37769121813031,good,98.1,4.326507462686568,good,93.1,19.508941877794335,good,93.2,23.06001490312966,good,93.2,2.432946175637394,good,98.1,0.45005617977528084,good,98.9,18.430879284649777,good,93.2,17.493015427769986,good,99.0,1.9356834532374103,good,96.5,0.35412133891213393,good,99.6,163.2335983263598,good,99.6,70.99252440725245,good,99.6,32.287810320781034,good,99.6,190.40299860529987,good,99.6,0.04974895397489539,good,99.6,1001.0389958158995,good,99.6,,no_data,0.0,,no_data,0.0,,no_data,0.0,,no_data,0.0,,no_data,0.0,,no_data,0.0,,no_data,0.0,,no_data,0.0,,no_data,0.0,,no_data,0.0,,no_data,0.0,,no_data,0.0,tier_2,6,2018,2023,1
Asansol,West Bengal,West Bengal,2019,7,28.51031506849315,good,98.1,44.7858091286307,good,97.2,6.293812949640289,good,93.4,19.177294964028775,good,93.4,24.95421582733813,good,93.4,4.759505494505494,good,97.8,0.36604683195592286,good,97.6,6.568602305475504,good,93.3,8.367803547066849,good,98.5,2.7049287749287747,good,94.4,0.42607962213225375,good,99.6,180.61395411605938,good,99.6,81.04338731443995,good,99.6,28.89987854251012,good,99.6,157.87524966261807,good,99.6,0.06928378378378379,good,99.5,999.3769770580298,good,99.6,,no_data,0.0,,no_data,0.0,,no_data,0.0,,no_data,0.0,,no_data,0.0,,no_data,0.0,,no_data,0.0,,no_data,0.0,,no_data,0.0,,no_data,0.0,,no_data,0.0,,no_data,0.0,tier_2,6,2018,2023,1
Asansol,West Bengal,West Bengal,2019,8,25.962807745504843,good,97.2,39.69940027894003,good,96.4,6.516108786610878,good,96.4,23.495041782729803,good,96.5,29.133077994428973,good,96.5,5.316363636363636,good,90.2,0.3304189944134078,good,96.2,5.533440111420613,good,96.5,5.724204702627939,good,97.2,2.2625094339622644,good,71.2,0.3398360655737705,good,98.4,174.62359289617487,good,98.4,86.89248633879782,good,98.4,28.118897435897434,good,52.4,149.6576639344262,good,98.4,0.06561475409836066,good,98.4,998.1446038251365,good,98.4,,no_data,0.0,,no_data,0.0,,no_data,0.0,,no_data,0.0,,no_data,0.0,,no_data,0.0,,no_data,0.0,,no_data,0.0,,no_data,0.0,,no_data,0.0,,no_data,0.0,,no_data,0.0,tier_2,6,2018,2023,1
Asansol,West Bengal,West Bengal,2019,9,19.433851963746225,good,91.9,30.012229007633586,good,91.0,6.417748226950354,good,78.3,7.8710992907801405,good,78.3,12.208546099290778,good,78.3,5.390169753086419,good,90.0,0.33468986384266264,good,91.8,6.012535460992908,good,78.3,13.886381093057606,good,94.0,1.965049342105263,good,84.4,0.34582723279648614,good,94.9,172.76308931185946,good,94.9,88.35636363636364,good,94.7,,insufficient,0.0,129.7320204978038,good,94.9,0.2158125915080527,good,94.9,990.2582255639097,good,92.4,,no_data,0.0,,no_data,0.0,,no_data,0.0,,no_data,0.0,,no_data,0.0,,no_data,0.0,,no_data,0.0,,no_data,0.0,,no_data,0.0,,no_data,0.0,,no_data,0.0,,no_data,0.0,tier_2,6,2018,2023,1
Asansol,West Bengal,West Bengal,2019,10,55.514084919472914,good,91.8,77.50158125915081,good,91.8,6.577839416058394,good,92.1,24.76726608187134,good,91.9,31.2512700729927,good,92.1,6.915242165242165,good,94.4,0.5358050847457627,good,95.2,15.461994002998498,good,89.7,24.051336206896558,good,93.5,4.463271162123386,good,93.7,0.36488811188811193,good,96.1,160.4983076923077,good,96.1,84.4980979020979,good,96.1,,insufficient,0.0,129.2277202797203,good,96.1,0.1104055944055944,good,96.1,995.5811549295775,good,95.4,,no_data,0.0,,no_data,0.0,,no_data,0.0,,no_data,0.0,,no_data,0.0,,no_data,0.0,,no_data,0.0,,no_data,0.0,,no_data,0.0,,no_data,0.0,,no_data,0.0,,no_data,0.0,tier_2,6,2018,2023,1
Asansol,West Bengal,West Bengal,2019,11,110.27950495049505,good,98.2,194.22458274398872,good,98.2,12.033518518518516,good,97.5,46.17546230440968,good,97.6,58.14546230440966,good,97.6,10.03984308131241,good,97.4,0.8344460227272728,good,97.8,50.69997155049787,good,97.6,34.16166197183099,good,98.6,5.275049365303245,good,98.5,0.3733101529902642,good,99.9,157.30212795549375,good,99.9,74.81045897079277,good,99.9,,insufficient,0.0,117.62659248956885,good,99.9,6.954102920723227e-05,good,99.9,997.0915797788309,good,87.9,,no_data,0.0,,no_data,0.0,,no_data,0.0,,no_data,0.0,,no_data,0.0,,no_data,0.0,,no_data,0.0,,no_data,0.0,,no_data,0.0,,no_data,0.0,,no_data,0.0,,no_data,0.0,tier_2,6,2018,2023,1
Asansol,West Bengal,West Bengal,2019,12,98.1144490934449,good,96.4,171.0911157601116,good,96.4,11.342861150070126,good,95.8,51.03488795518208,good,96.0,61.958571428571425,good,96.0,9.191478382147839,good,96.4,0.749539748953975,good,96.4,31.45107994389902,good,95.8,20.82796143250689,good,97.6,6.372448132780082,good,97.2,0.42036351165980795,good,98.0,118.87213991769546,good,98.0,72.97068681318682,good,97.8,,insufficient,0.0,95.3960385144429,good,97.7,0.0024279835390946503,good,98.0,999.0503664921466,sparse,25.7,,no_data,0.0,,no_data,0.0,,no_data,0.0,,no_data,0.0,,no_data,0.0,,no_data,0.0,,no_data,0.0,,no_data,0.0,,no_data,0.0,,no_data,0.0,,no_data,0.0,,no_data,0.0,tier_2,6,2018,2023,1
Asansol,West Bengal,West Bengal,2020,1,96.23466019417477,good,96.9,165.77554785020803,good,96.9,10.525557103064067,good,96.5,46.83795833333333,good,96.8,57.350291666666664,good,96.8,13.991203319502073,good,97.2,0.9859397417503587,good,93.7,53.66506944444444,good,96.8,30.898531571218797,good,91.5,5.626310013717421,good,98.0,0.42302435723951287,good,99.3,137.34725304465493,good,99.3,73.44909336941814,good,99.3,,insufficient,0.0,115.44556156968878,good,99.3,0.009742895805142085,good,99.3,998.9147876447876,sparse,34.8,,no_data,0.0,,no_data,0.0,,no_data,0.0,,no_data,0.0,,no_data,0.0,,no_data,0.0,,no_data,0.0,,no_data,0.0,,no_data,0.0,,no_data,0.0,,no_data,0.0,,no_data,0.0,tier_2,6,2018,2023,1
Asansol,West Bengal,West Bengal,2020,2,83.15078369905956,good,91.7,159.60365203761756,good,91.7,9.878953124999999,good,92.0,24.076324921135647,good,91.1,33.637765625,good,92.0,21.30680061823802,good,93.0,0.7993241167434716,good,93.5,19.766859375000003,good,92.0,26.427015384615387,good,93.4,4.929148606811146,good,92.8,0.42356818181818173,good,94.8,185.8979393939394,good,94.8,56.14429438543247,good,94.7,,insufficient,0.0,147.77227272727274,good,94.8,0.00030303030303030303,good,94.8,998.411393442623,sparse,35.1,,no_data,0.0,,no_data,0.0,,no_data,0.0,,no_data,0.0,,no_data,0.0,,no_data,0.0,,no_data,0.0,,no_data,0.0,,no_data,0.0,,no_data,0.0,,no_data,0.0,,no_data,0.0,tier_2,6,2018,2023,1
Asansol,West Bengal,West Bengal,2020,3,49.886069651741295,good,81.0,106.70162520729686,good,81.0,28.51450980392157,good,82.3,30.366167763157897,good,81.7,58.61212418300654,good,82.3,16.791864951768492,good,83.6,0.6189389067524116,good,83.6,13.99419934640523,good,82.3,24.526521739130438,good,83.5,6.340464,good,84.0,0.5168888888888888,good,84.7,194.6317142857143,good,84.7,59.35553968253968,good,84.7,,insufficient,0.0,180.13877777777776,good,84.7,0.013888888888888888,good,84.7,967.7100672268907,good,80.0,,no_data,0.0,,no_data,0.0,,no_data,0.0,,no_data,0.0,,no_data,0.0,,no_data,0.0,,no_data,0.0,,no_data,0.0,,no_data,0.0,,no_data,0.0,,no_data,0.0,,no_data,0.0,tier_2,6,2018,2023,1
Asansol,West Bengal,West Bengal,2020,4,31.796361746361743,good,66.8,75.696244813278,good,66.9,22.53191666666667,good,66.7,15.054532224532224,good,66.8,37.474232365145234,good,66.9,13.251461377870566,good,66.5,0.5149689440993788,good,67.1,15.06167355371901,good,67.2,24.54084710743802,good,67.2,4.48142268041237,good,67.4,0.6964609053497943,good,67.5,172.26514403292182,good,67.5,53.69172839506173,good,67.5,,insufficient,0.0,207.45736625514402,good,67.5,0.00853909465020576,good,67.5,973.6905601659751,good,66.9,,no_data,0.0,,no_data,0.0,,no_data,0.0,,no_data,0.0,,no_data,0.0,,no_data,0.0,,no_data,0.0,,no_data,0.0,,no_data,0.0,,no_data,0.0,,no_data,0.0,,no_data,0.0,tier_2,6,2018,2023,1
Asansol,West Bengal,West Bengal,2020,5,31.53904109589041,good,78.5,64.16431506849315,good,78.5,11.916214285714286,good,75.3,11.446982142857141,good,75.3,22.987040998217466,good,75.4,5.564006734006734,good,79.8,0.48090301003344477,good,80.4,10.960766488413547,good,75.4,18.64455,good,80.6,3.7823036649214665,good,77.0,1.3425290215588723,good,81.0,168.0824543946932,good,81.0,74.1085903814262,good,81.0,,insufficient,0.0,157.26405315614616,good,80.9,0.024295190713101163,good,81.0,961.4615765765766,sparse,29.8,,no_data,0.0,,no_data,0.0,,no_data,0.0,,no_data,0.0,,no_data,0.0,,no_data,0.0,,no_data,0.0,,no_data,0.0,,no_data,0.0,,no_data,0.0,,no_data,0.0,,no_data,0.0,tier_2,6,2018,2023,1
Asansol,West Bengal,West Bengal,2020,6,28.46048780487805,good,74.0,56.34048872180451,good,73.9,12.17834090909091,good,61.1,8.128899082568807,good,60.6,19.664328018223234,good,61.0,3.692141527001862,good,74.6,0.48322283609576433,good,75.4,5.795204545454546,good,61.1,11.344446529080676,good,74.0,5.918404452690167,good,74.9,0.5210655737704919,good,76.2,179.43473588342442,good,76.2,82.82810564663025,good,76.2,,insufficient,0.0,138.9748451730419,good,76.2,0.08741347905282332,good,76.2,,insufficient,0.1,,no_data,0.0,,no_data,0.0,,no_data,0.0,,no_data,0.0,,no_data,0.0,,no_data,0.0,,no_data,0.0,,no_data,0.0,,no_data,0.0,,no_data,0.0,,no_data,0.0,,no_data,0.0,tier_2,6,2018,2023,1
Asansol,West Bengal,West Bengal,2020,7,23.771077147016012,good,92.3,45.18007278020378,good,92.3,10.380099150141643,good,94.9,8.203314447592067,good,94.9,18.586586402266292,good,94.9,2.819841726618705,good,93.4,0.4316332378223495,good,93.8,5.674121813031162,good,94.9,10.102884615384617,good,90.9,8.017881844380403,good,93.3,0.42885815602836885,good,94.8,180.75862411347518,good,94.8,90.36104964539007,good,94.8,,insufficient,0.0,110.2947375886525,good,94.8,0.06036775106082037,good,95.0,,insufficient,0.0,,no_data,0.0,,no_data,0.0,,no_data,0.0,,no_data,0.0,,no_data,0.0,,no_data,0.0,,no_data,0.0,,no_data,0.0,,no_data,0.0,,no_data,0.0,,no_data,0.0,,no_data,0.0,tier_2,6,2018,2023,1
Asansol,West Bengal,West Bengal,2020,8,22.455668789808918,good,84.4,41.744572784810124,good,84.9,9.148801213960548,good,88.6,8.596206373292867,good,88.6,17.74875569044006,good,88.6,2.7562423312883437,good,87.6,0.3623135464231355,good,88.3,3.893474962063733,good,88.6,18.183619344773792,good,86.2,4.0623736600306275,good,87.8,0.38909365558912395,good,89.0,148.24731117824774,good,89.0,92.04398791540785,good,89.0,,insufficient,0.0,,insufficient,12.1,0.06669184290030213,good,89.0,,insufficient,0.0,,no_data,0.0,,no_data,0.0,,no_data,0.0,,no_data,0.0,,no_data,0.0,,no_data,0.0,,no_data,0.0,,no_data,0.0,,no_data,0.0,,no_data,0.0,,no_data,0.0,,no_data,0.0,tier_2,6,2018,2023,1
Asansol,West Bengal,West Bengal,2020,9,25.209162479061973,good,82.9,50.49321070234114,good,83.1,11.468053097345132,good,62.8,15.189557522123895,good,62.8,26.653783185840705,good,62.8,2.961279461279461,good,82.5,0.3925333333333333,good,83.3,7.658561946902655,good,62.8,18.58567708333333,good,80.0,5.104511784511784,good,82.5,0.4002945990180033,good,84.9,170.6422585924714,good,84.9,90.08906710310966,good,84.9,,insufficient,0.0,,insufficient,0.0,0.03356792144026187,good,84.9,995.9652662721894,sparse,46.9,,no_data,0.0,,no_data,0.0,,no_data,0.0,,no_data,0.0,,no_data,0.0,,no_data,0.0,,no_data,0.0,,no_data,0.0,,no_data,0.0,,no_data,0.0,,no_data,0.0,,no_data,0.0,tier_2,6,2018,2023,1
Asansol,West Bengal,West Bengal,2020,10,49.20978540772532,good,94.0,96.27663805436339,good,94.0,6.158794212218649,good,83.6,25.333611556982344,good,83.7,31.4822632423756,good,83.7,4.452424677187949,good,93.7,0.5148652482269503,good,94.8,31.52358520900322,good,83.6,20.107335243553006,good,93.8,3.9445363766048502,good,94.2,0.4475988700564971,good,95.2,134.5164214992928,good,95.0,78.69922316384181,good,95.2,,insufficient,0.0,158.0524247491639,good,80.4,0.022772277227722775,good,95.0,996.5529236499069,good,72.2,,no_data,0.0,,no_data,0.0,,no_data,0.0,,no_data,0.0,,no_data,0.0,,no_data,0.0,,no_data,0.0,,no_data,0.0,,no_data,0.0,,no_data,0.0,,no_data,0.0,,no_data,0.0,tier_2,6,2018,2023,1
Asansol,West Bengal,West Bengal,2020,11,74.84677233429396,good,96.4,146.5734820143885,good,96.5,8.106706056129985,good,94.0,27.63444608567209,good,94.0,35.73285081240768,good,94.0,5.336728837876614,good,96.8,0.6333285917496444,good,97.6,41.99094534711965,good,94.0,29.15397711015737,good,97.1,4.956126255380201,good,96.8,0.6080382436260623,good,98.1,112.86100566572237,good,98.1,59.29552407932011,good,98.1,,insufficient,0.0,149.468611898017,good,98.1,0.0003541076487252125,good,98.1,,insufficient,1.8,,no_data,0.0,,no_data,0.0,,no_data,0.0,,no_data,0.0,,no_data,0.0,,no_data,0.0,,no_data,0.0,,no_data,0.0,,no_data,0.0,,no_data,0.0,,no_data,0.0,,no_data,0.0,tier_2,6,2018,2023,1
Asansol,West Bengal,West Bengal,2020,12,122.31740203193034,good,92.6,220.51193181818186,good,94.6,16.0375,good,96.8,36.053416666666664,good,96.8,52.09086111111111,good,96.8,5.755236111111111,good,96.8,0.9044027777777779,good,96.8,43.39197222222222,good,96.8,29.1890985915493,good,95.4,7.451222222222222,good,96.8,0.6840555555555555,good,96.8,140.63797222222223,good,96.8,66.20086111111111,good,96.8,,insufficient,0.0,110.95240277777779,good,96.8,0.0,good,96.8,,insufficient,0.0,,no_data,0.0,,no_data,0.0,,no_data,0.0,,no_data,0.0,,no_data,0.0,,no_data,0.0,,no_data,0.0,,no_data,0.0,,no_data,0.0,,no_data,0.0,,no_data,0.0,,no_data,0.0,tier_2,6,2018,2023,1
Asansol,West Bengal,West Bengal,2021,1,118.06821582733814,good,93.4,212.60450359712232,good,93.4,21.267155172413794,good,93.5,38.45405172413793,good,93.5,59.693649425287354,good,93.5,6.60882269503546,good,94.8,0.8021388101983002,good,94.9,79.80801724137932,good,93.5,29.878595744680855,good,94.8,9.569501424501425,good,94.4,0.5980492957746479,good,95.4,132.69897183098593,good,95.4,63.638478873239436,good,95.4,,insufficient,0.0,106.11435211267606,good,95.4,0.0,good,95.4,,insufficient,16.4,,no_data,0.0,,no_data,0.0,,no_data,0.0,,no_data,0.0,,no_data,0.0,,no_data,0.0,,no_data,0.0,,no_data,0.0,,no_data,0.0,,no_data,0.0,,no_data,0.0,,no_data,0.0,tier_2,6,2018,2023,1
Asansol,West Bengal,West Bengal,2021,2,90.74583904109589,good,86.9,189.2264579901153,good,90.3,16.16242268041237,good,86.6,40.635642857142855,good,83.3,56.50034305317324,good,86.8,10.189763513513514,good,88.1,0.8144108280254777,good,93.5,46.58389365351629,good,86.8,33.468025477707,good,93.5,12.376788553259141,good,93.6,0.550133020344288,good,95.1,157.18308777429468,good,94.9,47.85120689655172,good,94.9,,insufficient,0.0,148.79683385579938,good,94.9,0.0,good,95.1,,insufficient,16.5,,no_data,0.0,,no_data,0.0,,no_data,0.0,,no_data,0.0,,no_data,0.0,,no_data,0.0,,no_data,0.0,,no_data,0.0,,no_data,0.0,,no_data,0.0,,no_data,0.0,,no_data,0.0,tier_2,6,2018,2023,1
Asansol,West Bengal,West Bengal,2021,3,80.97133704735376,good,96.5,203.0090111420613,good,96.5,17.91472496473907,good,95.3,38.47686882933709,good,95.3,56.391255289139636,good,95.3,7.1425824175824175,good,97.8,0.7664137931034484,good,97.4,57.798998589562764,good,95.3,38.90576177285318,good,97.0,14.691904761904762,good,96.0,0.9277815934065934,good,97.8,203.1882142857143,good,97.8,43.301923076923075,good,97.8,,insufficient,0.0,171.82517857142855,good,97.8,0.006043956043956043,good,97.8,995.7594339622641,sparse,35.6,,no_data,0.0,,no_data,0.0,,no_data,0.0,,no_data,0.0,,no_data,0.0,,no_data,0.0,,no_data,0.0,,no_data,0.0,,no_data,0.0,,no_data,0.0,,no_data,0.0,,no_data,0.0,tier_2,6,2018,2023,1
Asansol,West Bengal,West Bengal,2021,4,56.0824531024531,good,96.2,133.77691197691198,good,96.2,13.419913294797688,good,96.1,28.555245664739882,good,96.1,41.96973988439307,good,96.1,7.506023738872404,good,93.6,0.6237535816618911,good,96.9,35.7382225433526,good,96.1,49.21344877344877,good,96.2,17.443852813852814,good,96.2,0.8372039942938659,good,97.4,205.4786733238231,good,97.4,43.620057061340944,good,97.4,,insufficient,0.0,187.2965620542083,good,97.4,0.03678571428571428,good,97.2,996.9196325459318,good,52.9,,no_data,0.0,,no_data,0.0,,no_data,0.0,,no_data,0.0,,no_data,0.0,,no_data,0.0,,no_data,0.0,,no_data,0.0,,no_data,0.0,,no_data,0.0,,no_data,0.0,,no_data,0.0,tier_2,6,2018,2023,1
Asansol,West Bengal,West Bengal,2021,5,36.20106891701828,good,95.6,66.16043600562588,good,95.6,11.343807531380753,good,96.4,21.171197771587742,good,96.5,32.5076290097629,good,96.4,7.411248206599714,good,93.7,0.5168200836820084,good,96.4,24.25033472803347,good,96.4,37.742310924369754,good,96.0,13.83217270194986,good,96.5,0.6216759002770083,good,97.0,176.84468144044322,good,97.0,75.54274238227147,good,97.0,,insufficient,0.0,159.75073407202217,good,97.0,0.05349030470914128,good,97.0,993.3640466101696,good,63.4,,no_data,0.0,,no_data,0.0,,no_data,0.0,,no_data,0.0,,no_data,0.0,,no_data,0.0,,no_data,0.0,,no_data,0.0,,no_data,0.0,,no_data,0.0,,no_data,0.0,,no_data,0.0,tier_2,6,2018,2023,1
Asansol,West Bengal,West Bengal,2021,6,28.671801242236025,good,89.4,57.155534124629085,good,93.6,11.082256097560975,good,91.1,19.689741248097413,good,91.2,30.767743902439022,good,91.1,6.0502802359882,good,94.2,0.5326215022091311,good,94.3,22.451461187214612,good,91.2,36.500220264317186,good,94.6,15.212949852507377,good,94.2,0.9632116788321167,good,95.1,191.43537226277374,good,95.1,86.72712408759124,good,95.1,,insufficient,0.0,116.72775182481753,good,95.1,0.11805839416058395,good,95.1,991.7677661169415,good,92.6,,no_data,0.0,,no_data,0.0,,no_data,0.0,,no_data,0.0,,no_data,0.0,,no_data,0.0,,no_data,0.0,,no_data,0.0,,no_data,0.0,,no_data,0.0,,no_data,0.0,,no_data,0.0,tier_2,6,2018,2023,1
Asansol,West Bengal,West Bengal,2021,7,25.294079497907948,good,64.2,55.40705020920502,good,64.2,11.4927950310559,good,64.9,17.828840579710146,good,64.9,29.31289855072464,good,64.9,8.366125,good,64.5,0.5425208333333333,good,64.5,22.428923395445132,good,64.9,31.21691666666667,good,64.5,10.147035490605429,good,64.4,1.1366701030927835,good,65.2,195.4324536082474,good,65.2,92.62775257731958,good,65.2,,insufficient,0.0,117.33196280991737,good,65.1,0.10630390143737166,good,65.5,991.694679089027,good,64.9,,no_data,0.0,,no_data,0.0,,no_data,0.0,,no_data,0.0,,no_data,0.0,,no_data,0.0,,no_data,0.0,,no_data,0.0,,no_data,0.0,,no_data,0.0,,no_data,0.0,,no_data,0.0,tier_2,6,2018,2023,1
Asansol,West Bengal,West Bengal,2021,8,29.078493543758967,good,93.7,51.30525035765378,good,94.0,12.609005681818184,good,94.6,15.534303977272726,good,94.6,28.13171875,good,94.6,5.295415430267062,good,90.6,0.5583215796897039,good,95.3,22.954517045454544,good,94.6,35.08384724186704,good,95.0,11.932521489971347,good,93.8,0.7499859943977591,good,96.0,198.30945378151262,good,96.0,93.42240896358544,good,96.0,,insufficient,0.0,145.144593837535,good,96.0,0.13547619047619047,good,96.0,986.1834414668548,good,95.3,,no_data,0.0,,no_data,0.0,,no_data,0.0,,no_data,0.0,,no_data,0.0,,no_data,0.0,,no_data,0.0,,no_data,0.0,,no_data,0.0,,no_data,0.0,,no_data,0.0,,no_data,0.0,tier_2,6,2018,2023,1
Asansol,West Bengal,West Bengal,2021,9,24.389052132701423,good,87.9,45.07115677321157,good,91.2,12.77189552238806,good,93.1,16.236218236173393,good,92.9,28.956522388059707,good,93.1,5.4018440779610195,good,92.6,0.577741456166419,good,93.5,23.329014925373134,good,93.1,42.90311669128508,good,94.0,5.823435582822086,good,90.6,0.7035443959243086,good,95.4,177.72508005822417,good,95.4,93.53956331877728,good,95.4,,insufficient,0.0,140.57764192139737,good,95.4,0.1686754002911208,good,95.4,971.1579595015577,good,89.2,,no_data,0.0,,no_data,0.0,,no_data,0.0,,no_data,0.0,,no_data,0.0,,no_data,0.0,,no_data,0.0,,no_data,0.0,,no_data,0.0,,no_data,0.0,,no_data,0.0,,no_data,0.0,tier_2,6,2018,2023,1
Asansol,West Bengal,West Bengal,2021,10,51.14140381282495,good,77.6,96.96590987868285,good,77.6,13.735868055555557,good,77.4,24.456788194444446,good,77.4,38.18527777777778,good,77.4,7.367253886010364,good,77.8,0.6156131260794473,good,77.8,26.928559027777776,good,77.4,52.19827586206897,good,78.0,7.132093425605537,good,77.7,0.8257032590051457,good,78.4,207.3140823327616,good,78.4,84.86372212692967,good,78.4,,insufficient,0.0,163.19641509433964,good,78.4,0.02476843910806175,good,78.4,992.3944709897612,sparse,39.4,,no_data,0.0,,no_data,0.0,,no_data,0.0,,no_data,0.0,,no_data,0.0,,no_data,0.0,,no_data,0.0,,no_data,0.0,,no_data,0.0,,no_data,0.0,,no_data,0.0,,no_data,0.0,tier_2,6,2018,2023,1
Asansol,West Bengal,West Bengal,2021,11,76.85787390029324,good,94.7,149.9357624633431,good,94.7,16.637650513950074,good,94.6,37.486676470588236,good,94.4,54.1147205882353,good,94.4,10.909058823529412,good,94.4,0.9408491947291361,good,94.9,32.0640294117647,good,94.4,71.73049780380674,good,94.9,9.47966374269006,good,95.0,0.7628592162554427,good,95.7,199.62261248185774,good,95.7,77.03126269956459,good,95.7,,insufficient,0.0,135.2276632801161,good,95.7,0.012917271407837444,good,95.7,,insufficient,2.1,,no_data,0.0,,no_data,0.0,,no_data,0.0,,no_data,0.0,,no_data,0.0,,no_data,0.0,,no_data,0.0,,no_data,0.0,,no_data,0.0,,no_data,0.0,,no_data,0.0,,no_data,0.0,tier_2,6,2018,2023,1
Asansol,West Bengal,West Bengal,2021,12,85.07406199021207,good,82.4,166.0764006514658,good,82.5,18.87469055374593,good,82.5,38.52179153094462,good,82.5,57.383654159869494,good,82.4,12.0701,good,80.6,0.9836097560975611,good,82.7,32.83682410423452,good,82.5,63.79716799999999,good,84.0,11.56238952536825,good,82.1,0.7768600953895072,good,84.5,209.36969793322731,good,84.5,75.48445151033387,good,84.5,,insufficient,0.0,112.16685214626393,good,84.5,0.0,good,84.7,,insufficient,0.0,,no_data,0.0,,no_data,0.0,,no_data,0.0,,no_data,0.0,,no_data,0.0,,no_data,0.0,,no_data,0.0,,no_data,0.0,,no_data,0.0,,no_data,0.0,,no_data,0.0,,no_data,0.0,tier_2,6,2018,2023,1
Asansol,West Bengal,West Bengal,2022,1,79.32634112792297,good,97.7,138.1209766162311,good,97.7,16.49683748169839,good,91.8,29.722137628111277,good,91.8,46.20534407027819,good,91.8,11.150901525658806,good,96.9,0.9196433470507545,good,98.0,28.654040995607613,good,91.8,60.50368852459016,good,98.4,8.47846685082873,good,97.3,0.8313983628922237,good,98.5,220.26748976807642,good,98.5,79.65308321964528,good,98.5,,insufficient,0.0,129.9969031377899,good,98.5,0.00480218281036835,good,98.5,,insufficient,0.0,,no_data,0.0,,no_data,0.0,,no_data,0.0,,no_data,0.0,,no_data,0.0,,no_data,0.0,,no_data,0.0,,no_data,0.0,,no_data,0.0,,no_data,0.0,,no_data,0.0,,no_data,0.0,tier_2,6,2018,2023,1
Asansol,West Bengal,West Bengal,2022,2,64.76743529411765,good,63.2,131.1521411764706,good,63.2,10.9839336492891,good,62.8,13.87644549763033,good,62.8,24.867606635071088,good,62.8,17.045255813953485,good,64.0,0.8389695550351288,good,63.5,6.7996919431279625,good,62.8,55.65114485981308,good,63.7,9.862997658079625,good,63.5,0.8005581395348838,good,64.0,197.90023255813955,good,64.0,74.37027906976745,good,64.0,,insufficient,0.0,168.25023255813954,good,64.0,0.017325581395348837,good,64.0,,insufficient,0.0,,no_data,0.0,,no_data,0.0,,no_data,0.0,,no_data,0.0,,no_data,0.0,,no_data,0.0,,no_data,0.0,,no_data,0.0,,no_data,0.0,,no_data,0.0,,no_data,0.0,,no_data,0.0,tier_2,6,2018,2023,1
Asansol,West Bengal,West Bengal,2022,3,68.22141258741259,good,96.1,151.50738826815643,good,96.2,11.261986394557823,good,98.8,26.274326530612246,good,98.8,37.53322448979591,good,98.8,16.774254742547427,good,99.2,0.8826886145404664,good,98.0,7.760911564625851,good,98.8,74.52662087912087,good,97.8,13.912437591776797,good,91.5,0.8381174089068827,good,99.6,227.87589743589746,good,99.6,51.14121457489878,good,99.6,,insufficient,0.0,210.11632928475035,good,99.6,0.00020242914979757084,good,99.6,,insufficient,0.0,,no_data,0.0,,no_data,0.0,,no_data,0.0,,no_data,0.0,,no_data,0.0,,no_data,0.0,,no_data,0.0,,no_data,0.0,,no_data,0.0,,no_data,0.0,,no_data,0.0,,no_data,0.0,tier_2,6,2018,2023,1
Asansol,West Bengal,West Bengal,2022,4,49.00526093088857,good,98.5,118.00826516220029,good,98.5,11.659523141654981,good,99.0,41.87555399719495,good,99.0,53.53378681626928,good,99.0,13.036792717086835,good,99.2,0.7139943342776204,good,98.1,10.057601683029453,good,99.0,64.9555462184874,good,99.2,10.819802538787025,good,98.5,0.7587360335195532,good,99.4,174.19527932960895,good,99.4,61.356312849162016,good,99.4,,insufficient,0.0,170.04209497206705,good,99.4,0.0,good,99.4,,insufficient,7.4,,no_data,0.0,,no_data,0.0,,no_data,0.0,,no_data,0.0,,no_data,0.0,,no_data,0.0,,no_data,0.0,,no_data,0.0,,no_data,0.0,,no_data,0.0,,no_data,0.0,,no_data,0.0,tier_2,6,2018,2023,1
Asansol,West Bengal,West Bengal,2022,5,36.541229281767954,good,97.3,80.95131578947368,good,97.0,7.697394270122783,good,98.5,53.969100817438694,good,98.7,61.647220708446866,good,98.7,7.957357664233577,good,92.1,0.6454893617021278,good,94.8,9.03382833787466,good,98.7,56.29292349726776,good,98.4,8.398223140495869,good,97.6,0.807574931880109,good,98.7,168.00840599455037,good,98.7,73.79359673024523,good,98.7,,insufficient,0.0,187.7768801089918,good,98.7,0.016280653950953676,good,98.7,998.2824372759857,sparse,37.5,,no_data,0.0,,no_data,0.0,,no_data,0.0,,no_data,0.0,,no_data,0.0,,no_data,0.0,,no_data,0.0,,no_data,0.0,,no_data,0.0,,no_data,0.0,,no_data,0.0,,no_data,0.0,tier_2,6,2018,2023,1
Asansol,West Bengal,West Bengal,2022,6,31.04402315484805,good,96.0,66.02174785100287,good,96.9,5.835252808988765,good,98.9,54.88716292134832,good,98.9,60.69238764044943,good,98.9,8.18134370579915,good,98.2,0.6604028776978418,good,96.5,9.460786516853933,good,98.9,44.067884344146684,good,98.5,8.679036827195468,good,98.1,0.8238623595505616,good,98.9,190.8243820224719,good,98.9,82.09470505617978,good,98.9,,insufficient,0.0,160.46943741209563,good,98.8,0.03009831460674157,good,98.9,987.1650995024876,good,55.8,,no_data,0.0,,no_data,0.0,,no_data,0.0,,no_data,0.0,,no_data,0.0,,no_data,0.0,,no_data,0.0,,no_data,0.0,,no_data,0.0,,no_data,0.0,,no_data,0.0,,no_data,0.0,tier_2,6,2018,2023,1
Asansol,West Bengal,West Bengal,2022,7,22.691722222222225,good,96.8,62.142661179698216,good,98.0,5.2781646423751685,good,99.6,54.27708894878706,good,99.7,59.49916442048518,good,99.7,5.594972067039106,good,96.2,0.5189177489177489,good,93.1,10.519946091644204,good,99.7,16.8505,good,99.5,7.093416927899687,good,85.8,0.6189218328840971,good,99.7,192.47764150943394,good,99.7,89.38703504043127,good,99.7,,insufficient,0.0,149.95407008086252,good,99.7,0.046805929919137464,good,99.7,998.3119210526316,good,51.1,,no_data,0.0,,no_data,0.0,,no_data,0.0,,no_data,0.0,,no_data,0.0,,no_data,0.0,,no_data,0.0,,no_data,0.0,,no_data,0.0,,no_data,0.0,,no_data,0.0,,no_data,0.0,tier_2,6,2018,2023,1
Asansol,West Bengal,West Bengal,2022,8,28.097665745856354,good,97.3,79.51514522821576,good,97.2,6.604589041095891,good,98.1,32.2240329218107,good,98.0,38.81588477366255,good,98.0,6.150874999999999,good,96.8,0.6710724233983286,good,96.5,9.408324175824177,good,97.8,26.479278911564627,good,98.8,7.215458333333333,good,64.5,0.6825646258503402,good,98.8,175.0051292517007,good,98.8,93.64504761904762,good,98.8,,insufficient,0.0,134.30383673469387,good,98.8,0.09693877551020408,good,98.8,1000.1922912966253,good,75.7,,no_data,0.0,,no_data,0.0,,no_data,0.0,,no_data,0.0,,no_data,0.0,,no_data,0.0,,no_data,0.0,,no_data,0.0,,no_data,0.0,,no_data,0.0,,no_data,0.0,,no_data,0.0,tier_2,6,2018,2023,1
Asansol,West Bengal,West Bengal,2022,9,39.995071022727274,good,97.8,95.80921875,good,97.8,6.412475247524752,good,98.2,19.054115983026875,good,98.2,25.46057991513437,good,98.2,6.189337094499295,good,98.5,0.744915014164306,good,98.1,10.245431400282886,good,98.2,35.469437412095644,good,98.8,10.548469055374595,sparse,42.6,0.6568881118881119,good,99.3,183.3833006993007,good,99.3,94.61820979020979,good,99.3,27.586196581196585,good,97.5,134.59847552447553,good,99.3,0.05793006993006993,good,99.3,1004.1353006993007,good,99.3,,no_data,0.0,,no_data,0.0,,no_data,0.0,,no_data,0.0,,no_data,0.0,,no_data,0.0,,no_data,0.0,,no_data,0.0,,no_data,0.0,,no_data,0.0,,no_data,0.0,,no_data,0.0,tier_2,6,2018,2023,1
Asansol,West Bengal,West Bengal,2022,10,48.16933514246948,good,99.1,120.49399188092016,good,99.3,5.1753566621803495,good,99.9,25.18991924629879,good,99.9,30.363620457604306,good,99.9,6.749730094466937,good,99.6,0.639136302294197,good,99.6,12.558815612382233,good,99.9,50.00964912280701,good,99.6,7.141598746081505,sparse,42.9,0.8143615591397849,good,100.0,166.45047043010752,good,100.0,83.74915322580645,good,100.0,26.063400537634408,good,100.0,159.04344086021507,good,100.0,0.03162634408602151,good,100.0,1009.4154166666667,good,100.0,,no_data,0.0,,no_data,0.0,,no_data,0.0,,no_data,0.0,,no_data,0.0,,no_data,0.0,,no_data,0.0,,no_data,0.0,,no_data,0.0,,no_data,0.0,,no_data,0.0,,no_data,0.0,tier_2,6,2018,2023,1
Asansol,West Bengal,West Bengal,2022,11,103.3418309859155,good,98.6,254.23767605633802,good,98.6,6.061874125874126,good,99.3,39.644881118881116,good,99.3,45.71128671328671,good,99.3,9.949916083916083,good,99.3,0.8196709585121603,good,97.1,26.89826573426574,good,99.3,53.81557262569832,good,99.4,9.596685472496473,good,98.5,0.736908077994429,good,99.7,184.5149582172702,good,99.7,69.44896935933147,good,99.7,21.999888579387186,good,99.7,134.55401114206128,good,99.7,6.963788300835655e-05,good,99.7,1012.2593175487465,good,99.7,,no_data,0.0,,no_data,0.0,,no_data,0.0,,no_data,0.0,,no_data,0.0,,no_data,0.0,,no_data,0.0,,no_data,0.0,,no_data,0.0,,no_data,0.0,,no_data,0.0,,no_data,0.0,tier_2,6,2018,2023,1
Asansol,West Bengal,West Bengal,2022,12,140.35910591471801,good,97.7,327.8800687757909,good,97.7,8.82751696065129,good,99.1,44.87995929443691,good,99.1,53.70067842605155,good,99.1,14.097042062415197,good,99.1,0.945281207133059,good,98.0,26.62109905020353,good,99.1,52.795392953929536,good,99.2,12.415745554035567,good,98.3,0.5968834688346883,good,99.2,213.5308536585366,good,99.2,68.31333333333332,good,99.2,19.131571815718157,good,99.2,115.55460704607046,good,99.2,0.00013550135501355014,good,99.2,1012.7038617886178,good,99.2,,no_data,0.0,,no_data,0.0,,no_data,0.0,,no_data,0.0,,no_data,0.0,,no_data,0.0,,no_data,0.0,,no_data,0.0,,no_data,0.0,,no_data,0.0,,no_data,0.0,,no_data,0.0,tier_2,6,2018,2023,1
Asansol,West Bengal,West Bengal,2023,1,129.96736338797814,good,98.4,286.6942759562842,good,98.4,9.424959459459458,good,99.5,39.842756756756756,good,99.5,49.26748648648649,good,99.5,13.263288227334234,good,99.3,0.882643051771117,good,98.7,26.050716216216216,good,99.5,48.70201351351351,good,99.5,11.748367626886145,good,98.0,0.4628532974427994,good,99.9,203.1910094212651,good,99.9,70.41363391655452,good,99.9,19.481345895020187,good,99.9,128.28441453566623,good,99.9,0.002759084791386272,good,99.9,1016.169071332436,good,99.9,,no_data,0.0,,no_data,0.0,,no_data,0.0,,no_data,0.0,,no_data,0.0,,no_data,0.0,,no_data,0.0,,no_data,0.0,,no_data,0.0,,no_data,0.0,,no_data,0.0,,no_data,0.0,tier_2,6,2018,2023,1
Asansol,West Bengal,West Bengal,2023,2,87.43335866261397,good,97.9,208.5824924012158,good,97.9,9.25845112781955,good,99.0,41.593834586466166,good,99.0,50.84681203007519,good,99.0,18.712586466165412,good,99.0,0.8177878787878788,good,98.2,20.35669172932331,good,99.0,57.46075734157651,good,96.3,11.89517503805175,good,97.8,0.45876691729323305,good,99.0,235.02908270676696,good,99.0,46.95544360902255,good,99.0,23.71966917293233,good,99.0,161.04634586466167,good,99.0,0.0002255639097744361,good,99.0,1013.6047368421054,good,99.0,,no_data,0.0,,no_data,0.0,,no_data,0.0,,no_data,0.0,,no_data,0.0,,no_data,0.0,,no_data,0.0,,no_data,0.0,,no_data,0.0,,no_data,0.0,,no_data,0.0,,no_data,0.0,tier_2,6,2018,2023,1
Asansol,West Bengal,West Bengal,2023,3,74.19585808580858,good,81.5,148.34963696369638,good,81.5,7.813029315960912,good,82.5,38.19600326264274,good,82.4,45.98181372549019,good,82.3,14.726829268292683,good,82.7,0.7008319738988581,good,82.4,19.346345840130503,good,82.4,52.04876019575856,good,82.4,11.123764320785597,good,82.1,0.47277235772357723,good,82.7,209.95635772357724,good,82.7,50.191560975609754,good,82.7,27.68156097560975,good,82.7,182.95528455284554,good,82.7,0.0024715447154471546,good,82.7,1012.487430894309,good,82.7,,no_data,0.0,,no_data,0.0,,no_data,0.0,,no_data,0.0,,no_data,0.0,,no_data,0.0,,no_data,0.0,,no_data,0.0,,no_data,0.0,,no_data,0.0,,no_data,0.0,,no_data,0.0,tier_2,6,2018,2023,1
