city,state,state_original,year,month,PM2.5 (ug/m3)_mean,PM2.5 (ug/m3)_flag,PM2.5 (ug/m3)_coverage_pct,PM10 (ug/m3)_mean,PM10 (ug/m3)_flag,PM10 (ug/m3)_coverage_pct,NO (ug/m3)_mean,NO (ug/m3)_flag,NO (ug/m3)_coverage_pct,NO2 (ug/m3)_mean,NO2 (ug/m3)_flag,NO2 (ug/m3)_coverage_pct,NOx (ppb)_mean,NOx (ppb)_flag,NOx (ppb)_coverage_pct,SO2 (ug/m3)_mean,SO2 (ug/m3)_flag,SO2 (ug/m3)_coverage_pct,CO (mg/m3)_mean,CO (mg/m3)_flag,CO (mg/m3)_coverage_pct,NH3 (ug/m3)_mean,NH3 (ug/m3)_flag,NH3 (ug/m3)_coverage_pct,Ozone (ug/m3)_mean,Ozone (ug/m3)_flag,Ozone (ug/m3)_coverage_pct,Benzene (ug/m3)_mean,Benzene (ug/m3)_flag,Benzene (ug/m3)_coverage_pct,Toluene (ug/m3)_mean,Toluene (ug/m3)_flag,Toluene (ug/m3)_coverage_pct,Eth-Benzene (ug/m3)_mean,Eth-Benzene (ug/m3)_flag,Eth-Benzene (ug/m3)_coverage_pct,WS (m/s)_mean,WS (m/s)_flag,WS (m/s)_coverage_pct,WD (degree)_mean,WD (degree)_flag,WD (degree)_coverage_pct,RH (%)_mean,RH (%)_flag,RH (%)_coverage_pct,AT (degree C)_mean,AT (degree C)_flag,AT (degree C)_coverage_pct,BP (mmHg)_mean,BP (mmHg)_flag,BP (mmHg)_coverage_pct,MP-Xylene (ug/m3)_mean,MP-Xylene (ug/m3)_flag,MP-Xylene (ug/m3)_coverage_pct,O Xylene (ug/m3)_mean,O Xylene (ug/m3)_flag,O Xylene (ug/m3)_coverage_pct,Xylene (ug/m3)_mean,Xylene (ug/m3)_flag,Xylene (ug/m3)_coverage_pct,SR (W/mt2)_mean,SR (W/mt2)_flag,SR (W/mt2)_coverage_pct,RF (mm)_mean,RF (mm)_flag,RF (mm)_coverage_pct,CH4 (ug/m3)_mean,CH4 (ug/m3)_flag,CH4 (ug/m3)_coverage_pct,NMHC (ug/m3)_mean,NMHC (ug/m3)_flag,NMHC (ug/m3)_coverage_pct,THC (ug/m3)_mean,THC (ug/m3)_flag,THC (ug/m3)_coverage_pct,CO2 (mg/m3)_mean,CO2 (mg/m3)_flag,CO2 (mg/m3)_coverage_pct,HCHO (ug/m3)_mean,HCHO (ug/m3)_flag,HCHO (ug/m3)_coverage_pct,Hg (ug/m3)_mean,Hg (ug/m3)_flag,Hg (ug/m3)_coverage_pct,SPM (ug/m3)_mean,SPM (ug/m3)_flag,SPM (ug/m3)_coverage_pct,data_quality_tier,actual_data_years,data_first_year,data_last_year,n_stations
Chikkaballapur,Karnataka,Karnataka,2018,6,,insufficient,0.4,,insufficient,0.4,,insufficient,0.4,,insufficient,0.4,,insufficient,0.4,,insufficient,0.4,,insufficient,0.4,,insufficient,0.4,,insufficient,0.4,,insufficient,0.4,,insufficient,0.4,,insufficient,0.0,,insufficient,0.4,,insufficient,0.4,,insufficient,0.4,,insufficient,0.4,,insufficient,0.4,,no_data,0.0,,no_data,0.0,,no_data,0.0,,no_data,0.0,,no_data,0.0,,no_data,0.0,,no_data,0.0,,no_data,0.0,,no_data,0.0,,no_data,0.0,,no_data,0.0,,no_data,0.0,tier_2,6,2018,2023,1
Chikkaballapur,Karnataka,Karnataka,2018,7,12.695996758508915,good,82.9,57.01873786407767,good,83.1,7.052289719626168,good,86.3,35.544439252336446,good,86.3,24.61911214953271,good,86.3,6.815736677115987,good,85.8,0.00044781925343811394,good,68.4,10.335124610591901,good,86.3,9.879518633540373,good,86.6,0.13159468438538205,good,80.9,1.0138975155279504,good,86.6,,insufficient,0.0,,insufficient,10.5,292.6345046439629,good,86.8,62.08425696594427,good,86.8,25.986323529411766,good,86.8,704.9616563467492,good,86.8,,no_data,0.0,,no_data,0.0,,no_data,0.0,,no_data,0.0,,no_data,0.0,,no_data,0.0,,no_data,0.0,,no_data,0.0,,no_data,0.0,,no_data,0.0,,no_data,0.0,,no_data,0.0,tier_2,6,2018,2023,1
Chikkaballapur,Karnataka,Karnataka,2018,8,11.257537619699043,good,98.3,51.415075239398085,good,98.3,7.395967302452315,good,98.7,34.924972752043594,good,98.7,24.59129427792916,good,98.7,6.615688949522511,good,98.5,0.0002797687861271676,good,93.0,9.721675749318802,good,98.7,8.60983651226158,good,98.7,0.13836507936507936,good,84.7,0.8084196185286103,good,98.7,,insufficient,0.0,,insufficient,0.0,293.19257493188013,good,98.7,62.565163487738424,good,98.7,26.18950953678474,good,98.7,705.751485013624,good,98.7,,no_data,0.0,,no_data,0.0,,no_data,0.0,,no_data,0.0,,no_data,0.0,,no_data,0.0,,no_data,0.0,,no_data,0.0,,no_data,0.0,,no_data,0.0,,no_data,0.0,,no_data,0.0,tier_2,6,2018,2023,1
Chikkaballapur,Karnataka,Karnataka,2018,9,16.00078212290503,good,74.6,47.26409683426443,good,74.6,8.131415270018621,good,74.6,38.93039106145252,good,74.6,27.31949720670391,good,74.6,6.10249530956848,good,74.0,0.0003211007462686567,good,74.4,9.237169459962756,good,74.6,11.356118546845124,good,72.6,0.17532128514056225,good,69.2,0.9645996275605214,good,74.6,,insufficient,0.0,,insufficient,0.0,229.62664804469276,good,74.6,59.374115456238364,good,74.6,26.418938547486032,good,74.6,707.522346368715,good,74.6,,no_data,0.0,,no_data,0.0,,no_data,0.0,,no_data,0.0,,no_data,0.0,,no_data,0.0,,no_data,0.0,,no_data,0.0,,no_data,0.0,,no_data,0.0,,no_data,0.0,,no_data,0.0,tier_2,6,2018,2023,1
Chikkaballapur,Karnataka,Karnataka,2018,10,28.868621659634318,good,95.6,67.05812849162011,good,96.2,8.109651324965132,good,96.4,41.71712691771269,good,96.4,28.78164574616458,good,96.4,7.54751404494382,good,95.7,0.0003372844036697248,good,73.3,8.752231520223152,good,96.4,15.659971428571428,good,94.1,0.23291545189504373,good,92.2,0.907413073713491,good,96.6,,insufficient,0.0,,insufficient,0.0,151.50880389429764,good,96.6,56.6105702364395,good,96.6,24.841515994436715,good,96.6,709.4118219749652,good,96.6,,no_data,0.0,,no_data,0.0,,no_data,0.0,,no_data,0.0,,no_data,0.0,,no_data,0.0,,no_data,0.0,,no_data,0.0,,no_data,0.0,,no_data,0.0,,no_data,0.0,,no_data,0.0,tier_2,6,2018,2023,1
Chikkaballapur,Karnataka,Karnataka,2018,11,30.99890350877193,good,95.0,62.92773448773448,good,96.2,7.6789177489177485,good,96.2,40.84164502164502,good,96.2,27.96663780663781,good,96.2,6.987155297532656,good,95.7,0.00041979827089337173,good,96.4,8.531428571428572,good,96.2,15.458308383233533,good,92.8,0.22530030030030027,good,92.5,0.598590308370044,good,94.6,,insufficient,0.0,,insufficient,0.0,139.91897694524494,good,96.4,61.3071613832853,good,96.4,24.525914985590777,good,96.4,710.4669740634005,good,96.4,,no_data,0.0,,no_data,0.0,,no_data,0.0,,no_data,0.0,,no_data,0.0,,no_data,0.0,,no_data,0.0,,no_data,0.0,,no_data,0.0,,no_data,0.0,,no_data,0.0,,no_data,0.0,tier_2,6,2018,2023,1
Chikkaballapur,Karnataka,Karnataka,2018,12,44.42706371191136,good,97.0,81.68337482710928,good,97.2,6.368865836791149,good,97.2,41.174052558782854,good,97.2,27.066113416320885,good,97.2,9.101853388658368,good,97.2,0.0005360921248142644,good,90.5,8.936929460580913,good,97.2,21.253290414878396,good,94.0,0.2202493074792244,good,97.0,0.5289444444444444,good,96.8,,insufficient,0.0,,insufficient,0.0,149.5767634854772,good,97.2,58.93040110650069,good,97.2,25.430573997233747,good,97.2,710.7891977869986,good,97.2,,no_data,0.0,,no_data,0.0,,no_data,0.0,,no_data,0.0,,no_data,0.0,,no_data,0.0,,no_data,0.0,,no_data,0.0,,no_data,0.0,,no_data,0.0,,no_data,0.0,,no_data,0.0,tier_2,6,2018,2023,1
Chikkaballapur,Karnataka,Karnataka,2019,1,56.220785413744736,good,95.8,122.72540425531915,good,94.8,7.53555090655509,good,96.4,31.906834030683402,good,96.4,23.726541143654114,good,96.4,10.203151260504201,good,96.0,0.000580414878397711,good,94.0,8.86153627311522,good,94.5,19.19596096096096,good,89.5,0.2809776536312849,good,96.2,0.7164664804469274,good,96.2,,insufficient,0.0,,insufficient,0.0,158.756889818689,good,96.4,48.02288702928871,good,96.4,24.591534170153412,good,96.4,711.9722454672245,good,96.4,,no_data,0.0,,no_data,0.0,,no_data,0.0,,no_data,0.0,,no_data,0.0,,no_data,0.0,,no_data,0.0,,no_data,0.0,,no_data,0.0,,no_data,0.0,,no_data,0.0,,no_data,0.0,tier_2,6,2018,2023,1
Chikkaballapur,Karnataka,Karnataka,2019,2,38.1788188976378,good,75.6,91.01525590551181,good,75.6,2.9329681274900397,good,74.7,16.216745562130175,good,75.4,10.569092702169623,good,75.4,9.924146825396825,good,75.0,0.00062494,good,74.4,15.922958579881659,good,75.4,18.898667992047713,good,74.9,0.20697095435684645,good,71.7,0.773663967611336,good,73.5,,insufficient,0.0,,insufficient,0.0,171.4109486166008,good,75.3,41.5199209486166,good,75.3,25.054387351778658,good,75.3,710.9250790513834,good,75.3,,no_data,0.0,,no_data,0.0,,no_data,0.0,,no_data,0.0,,no_data,0.0,,no_data,0.0,,no_data,0.0,,no_data,0.0,,no_data,0.0,,no_data,0.0,,no_data,0.0,,no_data,0.0,tier_2,6,2018,2023,1
Chikkaballapur,Karnataka,Karnataka,2019,3,41.20948484848485,good,88.7,106.20908408408408,good,89.5,6.991799100449775,good,89.7,23.788725637181408,good,89.7,18.33284857571214,good,89.7,10.559344512195123,good,88.2,0.0006650496688741722,good,81.2,19.381994002998503,good,89.7,21.34926493108729,good,87.8,0.1773587786259542,good,88.0,1.0643051359516618,good,89.0,,insufficient,0.0,,insufficient,0.0,172.29581709145427,good,89.7,33.428380809595204,good,89.7,25.71442278860569,good,89.7,709.7010194902549,good,89.7,,no_data,0.0,,no_data,0.0,,no_data,0.0,,no_data,0.0,,no_data,0.0,,no_data,0.0,,no_data,0.0,,no_data,0.0,,no_data,0.0,,no_data,0.0,,no_data,0.0,,no_data,0.0,tier_2,6,2018,2023,1
Chikkaballapur,Karnataka,Karnataka,2019,4,34.259827288428326,good,80.4,85.5718134715026,good,80.4,7.910735551663747,good,79.3,25.763730297723292,good,79.3,20.02600700525394,good,79.3,11.5839446366782,good,80.3,0.0007084853700516352,good,80.7,23.107157894736844,good,79.2,20.995383275261325,good,79.7,0.14731568998109643,good,73.5,0.8371477663230241,good,80.8,,insufficient,0.0,,insufficient,0.0,186.5820170940171,good,81.2,40.63535042735043,good,81.2,25.7531452991453,good,81.2,708.0199658119658,good,81.2,,no_data,0.0,,no_data,0.0,,no_data,0.0,,no_data,0.0,,no_data,0.0,,no_data,0.0,,no_data,0.0,,no_data,0.0,,no_data,0.0,,no_data,0.0,,no_data,0.0,,no_data,0.0,tier_2,6,2018,2023,1
Chikkaballapur,Karnataka,Karnataka,2019,5,34.488587412587414,good,96.1,112.57531468531467,good,96.1,7.713749999999999,good,96.8,27.556041666666665,good,96.8,20.93069444444444,good,96.8,10.561241283124128,good,96.4,0.0007592757660167132,good,96.5,21.25744444444444,good,96.8,19.68403361344538,good,96.0,0.16438282647584973,good,75.1,1.0306388888888889,good,96.8,,insufficient,0.0,,insufficient,0.0,217.48145833333336,good,96.8,48.0409861111111,good,96.8,25.778270833333334,good,96.8,706.8330972222222,good,96.8,,no_data,0.0,,no_data,0.0,,no_data,0.0,,no_data,0.0,,no_data,0.0,,no_data,0.0,,no_data,0.0,,no_data,0.0,,no_data,0.0,,no_data,0.0,,no_data,0.0,,no_data,0.0,tier_2,6,2018,2023,1
Chikkaballapur,Karnataka,Karnataka,2019,6,16.72701754385965,good,87.1,60.98544585987261,good,87.2,7.3497327044025145,good,88.3,19.957940251572328,good,88.3,16.591053459119497,good,88.3,10.736329113924052,good,87.8,0.0007416220472440944,good,88.2,16.371965408805032,good,88.3,12.450252764612953,good,87.9,0.13791666666666666,good,60.0,0.8481523500810372,good,85.7,,insufficient,0.0,,insufficient,0.0,122.05551886792452,good,88.3,60.586635220125785,good,88.3,24.70781446540881,good,88.3,705.4144339622642,good,88.3,,no_data,0.0,,no_data,0.0,,no_data,0.0,,no_data,0.0,,no_data,0.0,,no_data,0.0,,no_data,0.0,,no_data,0.0,,no_data,0.0,,no_data,0.0,,no_data,0.0,,no_data,0.0,tier_2,6,2018,2023,1
Chikkaballapur,Karnataka,Karnataka,2019,7,11.575852601156068,good,93.0,45.829349710982655,good,93.0,3.6888365243004424,good,91.3,9.707165467625899,good,93.4,8.049323741007194,good,93.4,13.113008720930232,good,92.5,0.0007217366136034731,good,92.9,7.600230215827338,good,93.4,7.423976608187134,good,91.9,0.11782026768642448,good,70.3,0.7145692307692308,good,87.4,,insufficient,0.0,,insufficient,0.0,118.08357758620691,good,93.5,62.88014367816092,good,93.5,25.115984195402298,good,93.5,705.6174712643679,good,93.5,,no_data,0.0,,no_data,0.0,,no_data,0.0,,no_data,0.0,,no_data,0.0,,no_data,0.0,,no_data,0.0,,no_data,0.0,,no_data,0.0,,no_data,0.0,,no_data,0.0,,no_data,0.0,tier_2,6,2018,2023,1
Chikkaballapur,Karnataka,Karnataka,2019,8,10.00829081632653,good,52.7,37.22405063291139,good,53.1,2.126926829268293,good,55.1,6.358997722095672,good,59.0,4.939202733485193,good,59.0,12.136605922551253,good,59.0,0.0006357858769931662,good,59.0,3.21675799086758,good,58.9,7.111412300683372,good,59.0,0.11417197452229298,sparse,42.2,0.6052185089974292,good,52.3,,insufficient,0.0,,insufficient,0.0,121.39676537585422,good,59.0,68.16799544419135,good,59.0,24.669191343963554,good,59.0,705.6292482915717,good,59.0,,no_data,0.0,,no_data,0.0,,no_data,0.0,,no_data,0.0,,no_data,0.0,,no_data,0.0,,no_data,0.0,,no_data,0.0,,no_data,0.0,,no_data,0.0,,no_data,0.0,,no_data,0.0,tier_2,6,2018,2023,1
Chikkaballapur,Karnataka,Karnataka,2019,9,13.156363636363636,good,76.4,36.62454379562044,good,76.1,3.6570517241379314,good,80.6,17.974234079173836,good,80.7,12.465077452667813,good,80.7,12.356418685121108,good,80.3,0.0007454388984509465,good,80.7,3.536643109540636,good,78.6,7.600634648370497,good,81.0,0.1204466501240695,good,56.0,0.7095590828924163,good,78.8,,insufficient,0.0,,insufficient,0.0,150.87020583190395,good,81.0,67.89394511149227,good,81.0,23.46164665523156,good,81.0,707.5723156089194,good,81.0,,no_data,0.0,,no_data,0.0,,no_data,0.0,,no_data,0.0,,no_data,0.0,,no_data,0.0,,no_data,0.0,,no_data,0.0,,no_data,0.0,,no_data,0.0,,no_data,0.0,,no_data,0.0,tier_2,6,2018,2023,1
Chikkaballapur,Karnataka,Karnataka,2019,10,17.666672384219556,good,78.4,32.22704081632653,good,79.0,2.557134146341463,good,88.2,9.976453576864536,good,88.3,7.180380517503806,good,88.3,13.86932824427481,good,88.0,0.0005681887366818874,good,88.3,4.344444444444445,good,88.3,16.750682852807284,good,88.6,0.14713197969543146,good,53.0,0.5596703296703297,good,85.6,,insufficient,0.0,,insufficient,0.0,224.23218512898333,good,88.6,70.08813353566009,good,88.6,24.20366464339909,good,88.6,709.0371927162367,good,88.6,,no_data,0.0,,no_data,0.0,,no_data,0.0,,no_data,0.0,,no_data,0.0,,no_data,0.0,,no_data,0.0,,no_data,0.0,,no_data,0.0,,no_data,0.0,,no_data,0.0,,no_data,0.0,tier_2,6,2018,2023,1
Chikkaballapur,Karnataka,Karnataka,2019,11,41.831138613861384,good,84.2,72.93349753694581,good,84.6,2.203752039151713,good,85.1,9.889655737704917,good,84.7,6.820505709624795,good,85.1,11.523846153846153,good,84.9,0.0006008156606851549,good,85.1,5.372564102564103,good,81.2,38.63258592471359,good,84.9,0.34645985401459856,good,76.1,1.178974358974359,good,81.2,,insufficient,0.0,,insufficient,0.0,246.18526058631923,good,85.3,64.74918566775244,good,85.3,24.914348534201952,good,85.3,710.2121335504886,good,85.3,,no_data,0.0,,no_data,0.0,,no_data,0.0,,no_data,0.0,,no_data,0.0,,no_data,0.0,,no_data,0.0,,no_data,0.0,,no_data,0.0,,no_data,0.0,,no_data,0.0,,no_data,0.0,tier_2,6,2018,2023,1
Chikkaballapur,Karnataka,Karnataka,2019,12,28.023822222222226,good,90.7,58.69273127753304,good,91.5,7.096566091954023,good,93.5,11.397174887892376,good,89.9,11.256877697841727,good,93.4,11.320549132947976,good,93.0,0.0010416810344827585,good,93.5,6.094187050359713,good,93.4,37.717632711621235,good,93.7,0.19437500000000002,good,90.3,94.98343839541548,good,93.8,,insufficient,0.0,,insufficient,0.0,229.94638968481377,good,93.8,64.56207736389685,good,93.8,24.682836676217764,good,93.8,711.2408477237049,good,85.6,,no_data,0.0,,no_data,0.0,,no_data,0.0,,no_data,0.0,,no_data,0.0,,no_data,0.0,,no_data,0.0,,no_data,0.0,,no_data,0.0,,no_data,0.0,,no_data,0.0,,no_data,0.0,tier_2,6,2018,2023,1
Chikkaballapur,Karnataka,Karnataka,2020,1,35.03885521885522,good,79.8,86.35290540540541,good,79.6,7.2724531516183974,good,78.9,13.431311754684838,good,78.9,12.738909710391823,good,78.9,13.344505119453926,good,78.8,0.0008037478705281091,good,78.9,9.55,good,78.2,50.23357751277683,good,78.9,1.1978114478114479,good,79.8,50.95658823529412,good,80.0,,insufficient,0.0,,insufficient,0.0,144.70477815699658,good,78.8,50.48861774744027,good,78.8,23.948216723549486,good,78.8,716.1267064846417,good,78.8,,no_data,0.0,,no_data,0.0,,no_data,0.0,,no_data,0.0,,no_data,0.0,,no_data,0.0,,no_data,0.0,,no_data,0.0,,no_data,0.0,,no_data,0.0,,no_data,0.0,,no_data,0.0,tier_2,6,2018,2023,1
Chikkaballapur,Karnataka,Karnataka,2020,2,36.78735099337748,good,65.1,93.2744591611479,good,65.1,7.135196506550218,good,65.8,12.360960698689956,good,65.8,12.058515283842794,good,65.8,13.943864628820961,good,65.8,0.0007591266375545851,good,65.8,14.702969432314411,good,65.8,55.119039301310046,good,65.8,0.18317286652078776,good,65.7,26.251772428884028,good,65.7,,insufficient,0.0,,insufficient,0.0,244.7217903930131,good,65.8,46.93102620087336,good,65.8,24.40150655021834,good,65.8,716.1813973799127,good,65.8,,no_data,0.0,,no_data,0.0,,no_data,0.0,,no_data,0.0,,no_data,0.0,,no_data,0.0,,no_data,0.0,,no_data,0.0,,no_data,0.0,,no_data,0.0,,no_data,0.0,,no_data,0.0,tier_2,6,2018,2023,1
Chikkaballapur,Karnataka,Karnataka,2020,3,34.18543408360129,good,83.6,87.8975663026521,good,86.2,6.555510510510511,good,89.5,12.87105105105105,good,89.5,11.854024024024023,good,89.5,16.578590704647677,good,89.7,0.0007285585585585586,good,89.5,15.112462462462465,good,89.5,53.85024653312789,good,87.2,0.17031914893617026,good,88.4,16.436041979010493,good,89.7,,insufficient,0.0,,insufficient,0.0,228.88392803598202,good,89.7,39.91767616191904,good,89.7,25.317421289355323,good,89.7,714.682143928036,good,89.7,,no_data,0.0,,no_data,0.0,,no_data,0.0,,no_data,0.0,,no_data,0.0,,no_data,0.0,,no_data,0.0,,no_data,0.0,,no_data,0.0,,no_data,0.0,,no_data,0.0,,no_data,0.0,tier_2,6,2018,2023,1
Chikkaballapur,Karnataka,Karnataka,2020,4,25.96844262295082,good,84.7,56.139754098360655,good,84.7,6.39830313014827,good,84.3,13.266540362438223,good,84.3,11.934036243822074,good,84.3,15.626293245469522,good,84.3,0.0007499341021416804,good,84.3,15.76542009884679,good,84.3,50.44575657894736,good,84.4,0.14263247863247863,good,81.2,9.789770114942531,good,84.6,,insufficient,0.0,,insufficient,0.0,215.88386885245902,good,84.7,36.540983606557376,good,84.7,25.817135842880525,good,84.9,714.1140655737705,good,84.7,,no_data,0.0,,no_data,0.0,,no_data,0.0,,no_data,0.0,,no_data,0.0,,no_data,0.0,,no_data,0.0,,no_data,0.0,,no_data,0.0,,no_data,0.0,,no_data,0.0,,no_data,0.0,tier_2,6,2018,2023,1
Chikkaballapur,Karnataka,Karnataka,2020,5,20.000503703703703,good,90.7,60.74278499278499,good,93.1,6.381089108910891,good,95.0,14.754802816901408,good,95.4,12.712478873239437,good,95.4,14.21707977207977,good,94.4,0.000788281690140845,good,95.4,21.595839210155148,good,95.3,43.90757746478873,good,95.4,0.186444099378882,good,86.6,6.270960451977401,good,95.2,,insufficient,0.0,,insufficient,0.0,177.51198871650212,good,95.3,44.84131170662905,good,95.3,26.384115168539324,good,95.7,712.657263751763,good,95.3,,no_data,0.0,,no_data,0.0,,no_data,0.0,,no_data,0.0,,no_data,0.0,,no_data,0.0,,no_data,0.0,,no_data,0.0,,no_data,0.0,,no_data,0.0,,no_data,0.0,,no_data,0.0,tier_2,6,2018,2023,1
Chikkaballapur,Karnataka,Karnataka,2020,6,20.678686868686867,good,96.2,50.39630681818182,good,97.8,6.975734265734265,good,99.3,17.789734265734268,good,99.3,14.811762237762238,good,99.3,14.416400560224089,good,99.2,0.0007471328671328671,good,99.3,21.14384615384615,good,99.3,22.32565642458101,good,99.4,0.13455066921606118,good,72.6,13.466162464985995,good,99.2,,insufficient,0.0,,insufficient,0.0,134.05959497206703,good,99.4,56.79305865921788,good,99.4,24.747841225626743,good,99.7,710.3175139664804,good,99.4,,no_data,0.0,,no_data,0.0,,no_data,0.0,,no_data,0.0,,no_data,0.0,,no_data,0.0,,no_data,0.0,,no_data,0.0,,no_data,0.0,,no_data,0.0,,no_data,0.0,,no_data,0.0,tier_2,6,2018,2023,1
Chikkaballapur,Karnataka,Karnataka,2020,7,22.048563611491108,good,98.3,47.55463114754099,good,98.4,6.37969571230982,good,97.2,29.274923928077456,good,97.2,20.42762102351314,good,97.2,14.733091922005572,good,96.5,0.0006915076071922545,good,97.2,18.16728907330567,good,97.2,16.729681881051178,good,97.2,0.45571633237822345,good,93.8,42.0700136425648,good,98.5,,insufficient,0.0,,insufficient,0.0,142.20370473537605,good,96.5,61.26009749303621,good,96.5,24.419277929155314,good,98.7,710.0477158774373,good,96.5,,no_data,0.0,,no_data,0.0,,no_data,0.0,,no_data,0.0,,no_data,0.0,,no_data,0.0,,no_data,0.0,,no_data,0.0,,no_data,0.0,,no_data,0.0,,no_data,0.0,,no_data,0.0,tier_2,6,2018,2023,1
Chikkaballapur,Karnataka,Karnataka,2020,8,22.27075239398085,good,98.3,57.69267299864315,good,99.1,6.351628222523746,good,99.1,16.63865671641791,good,99.1,13.686146540027138,good,99.1,14.3023473541384,good,99.1,0.0006890909090909091,good,99.1,22.46451831750339,good,99.1,14.716089309878212,good,99.3,0.12023346303501944,good,69.1,11.321671195652174,good,98.9,,insufficient,0.0,,insufficient,0.0,130.21514208389718,good,99.3,60.138254397834906,good,99.3,24.000838971583214,good,99.3,710.4078755074424,good,99.3,,no_data,0.0,,no_data,0.0,,no_data,0.0,,no_data,0.0,,no_data,0.0,,no_data,0.0,,no_data,0.0,,no_data,0.0,,no_data,0.0,,no_data,0.0,,no_data,0.0,,no_data,0.0,tier_2,6,2018,2023,1
Chikkaballapur,Karnataka,Karnataka,2020,9,21.32137518684604,good,92.9,46.572376681614344,good,92.9,6.369208955223881,good,93.1,12.589328358208956,good,93.1,11.550626865671642,good,93.1,15.668611940298506,good,93.1,0.0006904328358208955,good,93.1,23.68507462686567,good,93.1,15.823084947839048,good,93.2,0.11735177865612649,good,70.3,1.903179104477612,good,93.1,,insufficient,0.0,,insufficient,0.0,149.06384500745156,good,93.2,63.10929955290611,good,93.2,24.172280178837557,good,93.2,710.7974515648285,good,93.2,,no_data,0.0,,no_data,0.0,,no_data,0.0,,no_data,0.0,,no_data,0.0,,no_data,0.0,,no_data,0.0,,no_data,0.0,,no_data,0.0,,no_data,0.0,,no_data,0.0,,no_data,0.0,tier_2,6,2018,2023,1
Chikkaballapur,Karnataka,Karnataka,2020,10,38.967351351351354,good,99.5,73.22300944669365,good,99.6,6.38788409703504,good,99.7,15.182830188679246,good,99.7,12.945633423180594,good,99.7,16.21833333333333,good,100.0,0.0006922371967654986,good,99.7,23.03082210242588,good,99.7,28.627405913978496,good,100.0,0.4134361851332399,good,95.8,8.280389784946236,good,100.0,,insufficient,0.0,,insufficient,0.0,159.89314516129033,good,100.0,60.203736559139784,good,100.0,24.197291666666665,good,100.0,711.695,good,100.0,,no_data,0.0,,no_data,0.0,,no_data,0.0,,no_data,0.0,,no_data,0.0,,no_data,0.0,,no_data,0.0,,no_data,0.0,,no_data,0.0,,no_data,0.0,,no_data,0.0,,no_data,0.0,tier_2,6,2018,2023,1
Chikkaballapur,Karnataka,Karnataka,2020,11,41.515644699140395,good,96.9,66.26793400286944,good,96.8,6.414620886981401,good,97.1,20.7274678111588,good,97.1,15.89011444921316,good,97.1,8.810419075144509,good,96.1,0.0006964377682403432,good,97.1,25.210329041487835,good,97.1,27.049956958393114,good,96.8,0.17948453608247425,good,80.8,6.391561604584528,good,96.9,,insufficient,0.0,,insufficient,0.0,191.0362,good,97.2,61.67118571428572,good,97.2,23.330914285714286,good,97.2,712.3452285714286,good,97.2,,no_data,0.0,,no_data,0.0,,no_data,0.0,,no_data,0.0,,no_data,0.0,,no_data,0.0,,no_data,0.0,,no_data,0.0,,no_data,0.0,,no_data,0.0,,no_data,0.0,,no_data,0.0,tier_2,6,2018,2023,1
Chikkaballapur,Karnataka,Karnataka,2020,12,38.713463687150835,good,96.2,64.42792479108635,good,96.5,6.407310344827587,good,97.4,24.904813793103447,good,97.4,18.136331034482758,good,97.4,10.354797202797203,good,96.1,0.0006936551724137929,good,97.4,13.404068965517242,good,97.4,35.597517241379315,good,97.4,0.16322580645161291,good,95.8,7.664311294765839,good,97.6,,insufficient,0.0,,insufficient,0.0,193.07356749311296,good,97.6,61.7262258953168,good,97.6,22.695082304526743,good,98.0,710.604214876033,good,97.6,,no_data,0.0,,no_data,0.0,,no_data,0.0,,no_data,0.0,,no_data,0.0,,no_data,0.0,,no_data,0.0,,no_data,0.0,,no_data,0.0,,no_data,0.0,,no_data,0.0,,no_data,0.0,tier_2,6,2018,2023,1
Chikkaballapur,Karnataka,Karnataka,2021,1,38.52895604395604,good,97.8,65.05449175824175,good,97.8,6.4343131868131875,good,97.8,24.584910836762685,good,98.0,17.98960219478738,good,98.0,10.180275103163687,good,97.7,0.0006966117969821674,good,98.0,14.977722908093277,good,98.0,32.979876373626375,good,97.8,0.1526981919332406,good,96.6,8.118683127572018,good,98.0,,insufficient,0.0,,insufficient,0.0,211.0928120713306,good,98.0,56.814128943758575,good,98.0,23.61579561042524,good,98.0,710.0022770919068,good,98.0,,no_data,0.0,,no_data,0.0,,no_data,0.0,,no_data,0.0,,no_data,0.0,,no_data,0.0,,no_data,0.0,,no_data,0.0,,no_data,0.0,,no_data,0.0,,no_data,0.0,,no_data,0.0,tier_2,6,2018,2023,1
Chikkaballapur,Karnataka,Karnataka,2021,2,45.818759342301945,good,99.6,81.38384496124031,good,96.0,6.449249249249249,good,99.1,25.462679127725856,good,95.5,18.46851351351351,good,99.1,8.40582945736434,good,96.0,0.0006981954887218044,good,99.0,17.386701649175414,good,99.3,48.790522388059706,good,99.7,0.17270935960591133,good,90.6,5.841742671009772,good,91.4,,insufficient,0.0,,insufficient,0.0,202.32102985074627,good,99.7,44.093283582089555,good,99.7,23.84547690014903,good,99.9,710.8679104477612,good,99.7,,no_data,0.0,,no_data,0.0,,no_data,0.0,,no_data,0.0,,no_data,0.0,,no_data,0.0,,no_data,0.0,,no_data,0.0,,no_data,0.0,,no_data,0.0,,no_data,0.0,,no_data,0.0,tier_2,6,2018,2023,1
Chikkaballapur,Karnataka,Karnataka,2021,3,44.94474393530997,good,99.7,92.93632075471699,good,99.7,6.4181904761904764,good,98.8,24.72433242506812,good,98.7,18.045959183673467,good,98.8,5.839164383561644,good,98.1,0.0006953972602739726,good,98.1,18.483926630434784,good,98.9,44.5060219478738,good,98.0,0.17842835130970727,good,87.2,1.5132683658170916,good,89.7,,insufficient,0.0,,insufficient,0.0,211.03110512129382,good,99.7,32.75629380053908,good,99.7,25.918685983827494,good,99.7,709.6954177897574,good,99.7,,no_data,0.0,,no_data,0.0,,no_data,0.0,,no_data,0.0,,no_data,0.0,,no_data,0.0,,no_data,0.0,,no_data,0.0,,no_data,0.0,,no_data,0.0,,no_data,0.0,,no_data,0.0,tier_2,6,2018,2023,1
Chikkaballapur,Karnataka,Karnataka,2021,4,44.330705705705704,good,92.5,93.7958096590909,good,97.8,6.375329512893982,good,96.9,28.41760744985673,good,96.9,19.969713055954088,good,96.8,4.011074498567336,good,96.9,0.0006905057803468208,good,96.1,7.34832618025751,good,97.1,38.99201428571428,good,97.2,0.328830313014827,good,84.3,1.341658767772512,good,87.9,,insufficient,0.0,,insufficient,0.0,198.17418309859153,good,98.6,39.53274647887324,good,98.6,26.55237062937063,good,99.3,708.5881549295774,good,98.6,,no_data,0.0,,no_data,0.0,,no_data,0.0,,no_data,0.0,,no_data,0.0,,no_data,0.0,,no_data,0.0,,no_data,0.0,,no_data,0.0,,no_data,0.0,,no_data,0.0,,no_data,0.0,tier_2,6,2018,2023,1
Chikkaballapur,Karnataka,Karnataka,2021,5,14.838309659090909,good,94.6,32.26417704011065,good,97.2,6.384798387096774,good,100.0,24.510107526881715,good,100.0,17.90604838709677,good,100.0,2.500931849791377,good,96.6,0.0006524327956989247,good,100.0,4.807782258064517,good,100.0,24.731938088829075,good,99.9,0.5950134770889488,good,99.7,1.5848521505376345,good,100.0,,insufficient,0.0,,insufficient,0.0,184.68447580645162,good,100.0,50.43895161290323,good,100.0,26.049052419354837,good,100.0,706.4031048387097,good,100.0,,no_data,0.0,,no_data,0.0,,no_data,0.0,,no_data,0.0,,no_data,0.0,,no_data,0.0,,no_data,0.0,,no_data,0.0,,no_data,0.0,,no_data,0.0,,no_data,0.0,,no_data,0.0,tier_2,6,2018,2023,1
Chikkaballapur,Karnataka,Karnataka,2021,6,13.179571663920923,good,84.3,52.61089030206677,good,87.4,6.392550544323483,good,89.3,23.15713841368585,good,89.3,17.192846034214618,good,89.3,4.049984350547731,good,88.8,0.000575194401244168,good,89.3,4.485956454121307,good,89.3,16.000682170542632,good,89.6,0.7888661417322834,good,88.2,2.0148372093023257,good,89.6,,insufficient,0.0,,insufficient,0.0,142.10838759689923,good,89.6,55.26537984496124,good,89.6,24.79329211746522,good,89.9,706.357488372093,good,89.6,,no_data,0.0,,no_data,0.0,,no_data,0.0,,no_data,0.0,,no_data,0.0,,no_data,0.0,,no_data,0.0,,no_data,0.0,,no_data,0.0,,no_data,0.0,,no_data,0.0,,no_data,0.0,tier_2,6,2018,2023,1
Chikkaballapur,Karnataka,Karnataka,2021,7,8.423426573426573,good,96.1,29.794655647382918,good,97.6,6.411129251700681,good,98.8,23.332884353741495,good,98.8,17.301074829931974,good,98.8,3.1086675824175827,good,97.8,0.0005772244897959183,good,98.8,5.220979591836735,good,98.8,13.581603260869565,good,98.9,0.8213797814207651,good,98.4,2.1091723202170964,good,99.1,,insufficient,0.0,,insufficient,0.0,139.6735549525102,good,99.1,60.682035278154686,good,99.1,24.821329715061058,good,99.1,705.427408412483,good,99.1,,no_data,0.0,,no_data,0.0,,no_data,0.0,,no_data,0.0,,no_data,0.0,,no_data,0.0,,no_data,0.0,,no_data,0.0,,no_data,0.0,,no_data,0.0,,no_data,0.0,,no_data,0.0,tier_2,6,2018,2023,1
Chikkaballapur,Karnataka,Karnataka,2021,8,9.750350140056023,good,96.0,33.74122191011236,good,95.7,6.438253094910591,good,97.7,29.083108665749652,good,97.7,20.36748280605227,good,97.7,3.353512396694215,good,97.6,0.0005790646492434663,good,97.7,6.231485557083906,good,97.7,11.796217331499312,good,97.7,0.640939226519337,good,97.3,1.6863186813186815,good,97.8,,insufficient,0.0,,insufficient,0.0,140.48375,good,97.8,60.49072802197802,good,97.8,24.677548076923074,good,97.8,707.0360576923077,good,97.8,,no_data,0.0,,no_data,0.0,,no_data,0.0,,no_data,0.0,,no_data,0.0,,no_data,0.0,,no_data,0.0,,no_data,0.0,,no_data,0.0,,no_data,0.0,,no_data,0.0,,no_data,0.0,tier_2,6,2018,2023,1
Chikkaballapur,Karnataka,Karnataka,2021,9,10.69727136431784,good,92.6,40.056041666666665,good,93.3,6.409851851851853,good,93.8,27.643362962962957,good,93.8,19.591644444444444,good,93.8,3.7244510385756673,good,93.6,0.0005771555555555554,good,93.8,6.295644444444443,good,93.8,11.222644873699851,good,93.5,0.6046304675716441,good,92.1,1.58103550295858,good,93.9,,insufficient,0.0,,insufficient,0.0,138.25998520710058,good,93.9,57.7221449704142,good,93.9,24.578668639053255,good,93.9,707.3153254437871,good,93.9,,no_data,0.0,,no_data,0.0,,no_data,0.0,,no_data,0.0,,no_data,0.0,,no_data,0.0,,no_data,0.0,,no_data,0.0,,no_data,0.0,,no_data,0.0,,no_data,0.0,,no_data,0.0,tier_2,6,2018,2023,1
Chikkaballapur,Karnataka,Karnataka,2021,10,24.19549511854951,good,96.4,54.77751048951049,good,96.1,6.405068681318681,good,97.8,24.82451923076923,good,97.8,18.088763736263736,good,97.8,3.7282369146005507,good,97.6,0.000576304945054945,good,97.8,4.231057692307693,good,97.8,18.437897648686032,good,97.2,0.261904761904762,good,76.2,0.6389986282578876,good,98.0,,insufficient,0.0,,insufficient,0.0,166.24097393689985,good,98.0,63.97530864197531,good,98.0,24.62910273972603,good,98.1,708.1503155006859,good,98.0,,no_data,0.0,,no_data,0.0,,no_data,0.0,,no_data,0.0,,no_data,0.0,,no_data,0.0,,no_data,0.0,,no_data,0.0,,no_data,0.0,,no_data,0.0,,no_data,0.0,,no_data,0.0,tier_2,6,2018,2023,1
Chikkaballapur,Karnataka,Karnataka,2021,11,23.645491803278688,good,84.7,39.82977917981073,good,88.1,6.435714285714286,good,89.4,21.43714285714286,good,89.4,16.308183229813665,good,89.4,9.146923076923077,good,88.5,0.0005787422360248447,good,89.4,4.816226708074534,good,89.4,26.789514866979655,good,88.8,0.1614713216957606,good,55.7,0.39820155038759697,good,89.6,,insufficient,0.0,,insufficient,0.0,159.16499224806202,good,89.6,68.99883720930232,good,89.6,22.89986089644513,good,89.9,709.0604025764895,good,86.2,,no_data,0.0,,no_data,0.0,,no_data,0.0,,no_data,0.0,,no_data,0.0,,no_data,0.0,,no_data,0.0,,no_data,0.0,,no_data,0.0,,no_data,0.0,,no_data,0.0,,no_data,0.0,tier_2,6,2018,2023,1
Chikkaballapur,Karnataka,Karnataka,2021,12,45.978940217391305,good,98.9,68.2367527173913,good,98.9,6.407129380053909,good,99.7,24.582762803234502,good,99.7,17.959407008086256,good,99.7,8.907628032345013,good,99.7,0.0005763072776280323,good,99.7,4.5527762803234495,good,99.7,36.19164420485175,good,99.7,0.15342364532019703,good,54.6,0.3636792452830189,good,99.7,,insufficient,0.0,,insufficient,0.0,182.40307277628034,good,99.7,61.20710242587601,good,99.7,22.960053908355796,good,99.7,712.3052560646901,good,99.7,,no_data,0.0,,no_data,0.0,,no_data,0.0,,no_data,0.0,,no_data,0.0,,no_data,0.0,,no_data,0.0,,no_data,0.0,,no_data,0.0,,no_data,0.0,,no_data,0.0,,no_data,0.0,tier_2,6,2018,2023,1
Chikkaballapur,Karnataka,Karnataka,2022,1,42.250336021505376,good,100.0,73.61256720430107,good,100.0,6.389166666666666,good,100.0,22.579314516129035,good,100.0,16.882352150537635,good,100.0,9.190833333333332,good,100.0,0.0005751478494623656,good,100.0,5.187177419354839,good,100.0,38.16284946236559,good,100.0,0.21285714285714286,good,70.6,0.5091532258064517,good,100.0,,insufficient,0.0,,insufficient,0.0,199.48712365591396,good,100.0,53.152553763440864,good,100.0,23.642728494623658,good,100.0,711.176747311828,good,100.0,,no_data,0.0,,no_data,0.0,,no_data,0.0,,no_data,0.0,,no_data,0.0,,no_data,0.0,,no_data,0.0,,no_data,0.0,,no_data,0.0,,no_data,0.0,,no_data,0.0,,no_data,0.0,tier_2,6,2018,2023,1
Chikkaballapur,Karnataka,Karnataka,2022,2,52.10698198198198,good,99.1,87.92617117117118,good,99.1,6.4254354354354355,good,99.1,20.85987987987988,good,99.1,15.99870870870871,good,99.1,8.72168168168168,good,99.1,0.0005781681681681681,good,99.1,16.10666666666667,good,99.1,49.17022522522522,good,99.1,0.23876106194690266,good,84.1,0.6273273273273273,good,99.1,,insufficient,0.0,,insufficient,0.0,201.23648648648648,good,99.1,45.88575075075075,good,99.1,24.480285285285284,good,99.1,710.3825075075075,good,99.1,,no_data,0.0,,no_data,0.0,,no_data,0.0,,no_data,0.0,,no_data,0.0,,no_data,0.0,,no_data,0.0,,no_data,0.0,,no_data,0.0,,no_data,0.0,,no_data,0.0,,no_data,0.0,tier_2,6,2018,2023,1
Chikkaballapur,Karnataka,Karnataka,2022,3,51.207608695652176,good,92.7,91.59406657018813,good,92.9,6.4217221418234445,good,92.9,24.744283646888565,good,92.9,18.05958031837916,good,92.9,9.578856729377714,good,92.9,0.0005775253256150507,good,92.9,17.378943560057884,good,92.9,54.111416184971105,good,93.0,0.30826161790017215,good,78.1,0.7702601156069364,good,93.0,,insufficient,0.0,,insufficient,0.0,194.746387283237,good,93.0,37.41160404624278,good,93.0,25.85186599423631,good,93.3,709.1612427745664,good,93.0,,no_data,0.0,,no_data,0.0,,no_data,0.0,,no_data,0.0,,no_data,0.0,,no_data,0.0,,no_data,0.0,,no_data,0.0,,no_data,0.0,,no_data,0.0,,no_data,0.0,,no_data,0.0,tier_2,6,2018,2023,1
Chikkaballapur,Karnataka,Karnataka,2022,4,35.62934631432545,good,99.9,70.38892908827786,good,96.0,6.4439082058414465,good,99.9,22.972920723226704,good,99.9,17.133435326842836,good,99.9,9.04230876216968,good,99.9,0.0005793184979137691,good,99.9,18.026995827538247,good,99.9,48.855835694050995,good,98.1,0.3019912790697674,good,95.6,0.8391515994436717,good,99.9,,insufficient,0.0,,insufficient,0.0,204.4405424200278,good,99.9,42.03222531293463,good,99.9,26.743444444444442,good,100.0,708.2938108484005,good,99.9,,no_data,0.0,,no_data,0.0,,no_data,0.0,,no_data,0.0,,no_data,0.0,,no_data,0.0,,no_data,0.0,,no_data,0.0,,no_data,0.0,,no_data,0.0,,no_data,0.0,,no_data,0.0,tier_2,6,2018,2023,1
Chikkaballapur,Karnataka,Karnataka,2022,5,22.853845089903185,good,97.2,57.368022130013834,good,97.2,6.440893617021277,good,94.8,22.59090780141844,good,94.8,16.92878014184397,good,94.8,9.62,good,96.2,0.000578950354609929,good,94.8,13.803191489361701,good,94.8,37.030590717299575,good,95.6,0.5559447674418605,good,92.5,1.4280753138075313,good,96.4,,insufficient,0.0,,insufficient,0.0,152.15364016736402,good,96.4,54.36913528591353,good,96.4,25.65544827586207,good,97.4,705.6534170153417,good,96.4,,no_data,0.0,,no_data,0.0,,no_data,0.0,,no_data,0.0,,no_data,0.0,,no_data,0.0,,no_data,0.0,,no_data,0.0,,no_data,0.0,,no_data,0.0,,no_data,0.0,,no_data,0.0,tier_2,6,2018,2023,1
Chikkaballapur,Karnataka,Karnataka,2022,6,14.146834677419355,good,68.9,31.94460606060606,good,68.8,6.465514563106796,good,71.5,22.21877669902913,good,71.5,16.753514563106798,good,71.5,10.029517374517374,good,71.9,0.0005817087378640777,good,71.5,9.828427184466019,good,71.5,31.705393474088297,good,72.4,0.5931660231660232,good,71.9,1.5693666026871402,good,72.4,,insufficient,0.0,,insufficient,0.0,137.97266794625722,good,72.4,53.938307692307696,good,72.2,26.479693486590033,good,72.5,706.1415000000001,good,72.2,,no_data,0.0,,no_data,0.0,,no_data,0.0,,no_data,0.0,,no_data,0.0,,no_data,0.0,,no_data,0.0,,no_data,0.0,,no_data,0.0,,no_data,0.0,,no_data,0.0,,no_data,0.0,tier_2,6,2018,2023,1
Chikkaballapur,Karnataka,Karnataka,2022,7,16.938241965973535,good,71.1,32.596559546313806,good,71.1,6.410299625468165,good,71.8,19.63883895131086,good,71.8,15.335749063670413,good,71.8,10.440861423220975,good,71.8,0.0005770599250936329,good,71.8,11.80681647940075,good,71.8,22.407969348659005,good,70.2,0.7588157894736843,good,71.5,1.9622242990654204,good,71.9,,insufficient,0.0,,insufficient,0.0,138.59315887850465,good,71.9,62.72727102803738,good,71.9,25.29903165735568,good,72.2,705.5822429906542,good,71.9,,no_data,0.0,,no_data,0.0,,no_data,0.0,,no_data,0.0,,no_data,0.0,,no_data,0.0,,no_data,0.0,,no_data,0.0,,no_data,0.0,,no_data,0.0,,no_data,0.0,,no_data,0.0,tier_2,6,2018,2023,1
Chikkaballapur,Karnataka,Karnataka,2022,8,16.067496229260936,good,89.1,30.945038167938932,good,88.0,6.3953111432706224,good,92.9,19.807858176555715,good,92.9,15.413082489146166,good,92.9,8.941548480463096,good,92.9,0.0005755716353111433,good,92.9,11.714399421128798,good,92.9,23.230043415340084,good,92.9,0.5916959064327486,good,91.9,1.5592619392185236,good,92.9,,insufficient,0.0,,insufficient,0.0,142.18065123010132,good,92.9,61.15279305354559,good,92.9,26.398056358381506,good,93.0,705.7803907380608,good,92.9,,no_data,0.0,,no_data,0.0,,no_data,0.0,,no_data,0.0,,no_data,0.0,,no_data,0.0,,no_data,0.0,,no_data,0.0,,no_data,0.0,,no_data,0.0,,no_data,0.0,,no_data,0.0,tier_2,6,2018,2023,1
Chikkaballapur,Karnataka,Karnataka,2022,9,17.58381088825215,good,96.9,34.40229885057471,good,96.7,6.414875,good,100.0,20.390055555555556,good,100.0,15.738555555555555,good,100.0,8.771291666666666,good,100.0,0.0005771944444444444,good,100.0,11.691805555555556,good,100.0,21.805305555555556,good,100.0,0.5361870503597121,good,96.5,1.4021805555555555,good,100.0,,insufficient,0.0,,insufficient,0.0,145.8811388888889,good,100.0,60.66875,good,100.0,26.604875000000003,good,100.0,707.4288194444445,good,100.0,,no_data,0.0,,no_data,0.0,,no_data,0.0,,no_data,0.0,,no_data,0.0,,no_data,0.0,,no_data,0.0,,no_data,0.0,,no_data,0.0,,no_data,0.0,,no_data,0.0,,no_data,0.0,tier_2,6,2018,2023,1
Chikkaballapur,Karnataka,Karnataka,2022,10,33.29648979591836,good,98.8,73.50759183673469,good,98.8,6.427964721845319,good,99.1,22.314505494505493,good,97.8,16.756363636363638,good,99.1,8.469715061058345,good,99.1,0.0004857530529172321,good,99.1,13.487232021709634,good,99.1,33.80100407055631,good,99.1,0.30853846153846154,good,87.4,0.7646404341926729,good,99.1,,insufficient,0.0,,insufficient,0.0,166.6188331071913,good,99.1,61.4674355495251,good,99.1,26.099620081411125,good,99.1,709.1926729986432,good,99.1,,no_data,0.0,,no_data,0.0,,no_data,0.0,,no_data,0.0,,no_data,0.0,,no_data,0.0,,no_data,0.0,,no_data,0.0,,no_data,0.0,,no_data,0.0,,no_data,0.0,,no_data,0.0,tier_2,6,2018,2023,1
Chikkaballapur,Karnataka,Karnataka,2022,11,45.60699152542373,good,98.3,104.56256373937677,good,98.1,6.4465972222222225,good,100.0,22.043638888888886,good,100.0,16.644125,good,100.0,8.999638888888889,good,100.0,0.0005583888888888889,good,100.0,15.942930555555556,good,100.0,33.645361111111114,good,100.0,0.27209722222222227,good,100.0,0.6653888888888889,good,100.0,,insufficient,0.0,,insufficient,0.0,159.1079861111111,good,100.0,62.70369444444445,good,100.0,25.378388888888882,good,100.0,710.7623888888888,good,100.0,,no_data,0.0,,no_data,0.0,,no_data,0.0,,no_data,0.0,,no_data,0.0,,no_data,0.0,,no_data,0.0,,no_data,0.0,,no_data,0.0,,no_data,0.0,,no_data,0.0,,no_data,0.0,tier_2,6,2018,2023,1
Chikkaballapur,Karnataka,Karnataka,2022,12,43.888963660834456,good,99.9,99.28308209959623,good,99.9,6.454905913978495,good,100.0,21.949301075268817,good,100.0,16.60278225806452,good,100.0,9.564314516129032,good,100.0,0.0005190053763440861,good,100.0,16.497782258064518,good,100.0,24.84102150537634,good,100.0,0.2641129032258065,good,100.0,0.7110215053763441,good,100.0,,insufficient,0.0,,insufficient,0.0,185.50592741935483,good,100.0,61.115591397849464,good,100.0,25.055181451612903,good,100.0,710.5739247311828,good,100.0,,no_data,0.0,,no_data,0.0,,no_data,0.0,,no_data,0.0,,no_data,0.0,,no_data,0.0,,no_data,0.0,,no_data,0.0,,no_data,0.0,,no_data,0.0,,no_data,0.0,,no_data,0.0,tier_2,6,2018,2023,1
Chikkaballapur,Karnataka,Karnataka,2023,1,53.44047361299052,good,99.3,123.84201623815967,good,99.3,6.436517615176151,good,99.2,25.88930894308943,good,99.2,18.68218157181572,good,99.2,10.21460597826087,good,98.9,0.0004777235772357724,good,99.2,18.074878048780487,good,99.2,22.339148351648355,good,97.8,0.30447902571041957,good,99.3,0.9377672530446549,good,99.3,,insufficient,0.0,,insufficient,0.0,193.67240866035183,good,99.3,52.41790257104195,good,99.3,24.713579161028417,good,99.3,712.2388362652233,good,99.3,,no_data,0.0,,no_data,0.0,,no_data,0.0,,no_data,0.0,,no_data,0.0,,no_data,0.0,,no_data,0.0,,no_data,0.0,,no_data,0.0,,no_data,0.0,,no_data,0.0,,no_data,0.0,tier_2,6,2018,2023,1
Chikkaballapur,Karnataka,Karnataka,2023,2,54.879154078549846,good,98.5,129.86947289156626,good,98.8,6.472626865671642,good,99.7,35.19534328358209,good,99.7,23.658985074626866,good,99.7,10.885223880597016,good,99.7,0.00048761194029850745,good,99.7,17.844686567164178,good,99.7,24.790981873111782,good,98.5,0.34961194029850745,good,99.7,1.1845522388059704,good,99.7,,insufficient,0.0,,insufficient,0.0,175.29005970149254,good,99.7,40.20834328358209,good,99.7,25.848485074626865,good,99.7,711.9332089552239,good,99.7,,no_data,0.0,,no_data,0.0,,no_data,0.0,,no_data,0.0,,no_data,0.0,,no_data,0.0,,no_data,0.0,,no_data,0.0,,no_data,0.0,,no_data,0.0,,no_data,0.0,,no_data,0.0,tier_2,6,2018,2023,1
Chikkaballapur,Karnataka,Karnataka,2023,3,35.3038192419825,good,92.2,68.40093659942363,good,93.3,6.338528995756719,good,95.0,27.11968926553672,good,95.2,19.253111739745403,good,95.0,13.739245810055865,good,96.2,0.0003009269662921348,good,95.7,17.342750352609308,good,95.3,28.53078195488722,good,89.4,0.43507670850767094,good,96.4,1.3947140864714087,good,96.4,,insufficient,0.0,,insufficient,0.0,197.6857322175732,good,96.4,39.993835425383544,good,96.4,26.094644351464435,good,96.4,710.7221059972106,good,96.4,,no_data,0.0,,no_data,0.0,,no_data,0.0,,no_data,0.0,,no_data,0.0,,no_data,0.0,,no_data,0.0,,no_data,0.0,,no_data,0.0,,no_data,0.0,,no_data,0.0,,no_data,0.0,tier_2,6,2018,2023,1
