city,state,state_original,year,month,PM2.5 (ug/m3)_mean,PM2.5 (ug/m3)_flag,PM2.5 (ug/m3)_coverage_pct,PM10 (ug/m3)_mean,PM10 (ug/m3)_flag,PM10 (ug/m3)_coverage_pct,NO (ug/m3)_mean,NO (ug/m3)_flag,NO (ug/m3)_coverage_pct,NO2 (ug/m3)_mean,NO2 (ug/m3)_flag,NO2 (ug/m3)_coverage_pct,NOx (ppb)_mean,NOx (ppb)_flag,NOx (ppb)_coverage_pct,SO2 (ug/m3)_mean,SO2 (ug/m3)_flag,SO2 (ug/m3)_coverage_pct,CO (mg/m3)_mean,CO (mg/m3)_flag,CO (mg/m3)_coverage_pct,Ozone (ug/m3)_mean,Ozone (ug/m3)_flag,Ozone (ug/m3)_coverage_pct,Benzene (ug/m3)_mean,Benzene (ug/m3)_flag,Benzene (ug/m3)_coverage_pct,Toluene (ug/m3)_mean,Toluene (ug/m3)_flag,Toluene (ug/m3)_coverage_pct,Eth-Benzene (ug/m3)_mean,Eth-Benzene (ug/m3)_flag,Eth-Benzene (ug/m3)_coverage_pct,MP-Xylene (ug/m3)_mean,MP-Xylene (ug/m3)_flag,MP-Xylene (ug/m3)_coverage_pct,O Xylene (ug/m3)_mean,O Xylene (ug/m3)_flag,O Xylene (ug/m3)_coverage_pct,WS (m/s)_mean,WS (m/s)_flag,WS (m/s)_coverage_pct,WD (degree)_mean,WD (degree)_flag,WD (degree)_coverage_pct,RH (%)_mean,RH (%)_flag,RH (%)_coverage_pct,AT (degree C)_mean,AT (degree C)_flag,AT (degree C)_coverage_pct,SR (W/mt2)_mean,SR (W/mt2)_flag,SR (W/mt2)_coverage_pct,BP (mmHg)_mean,BP (mmHg)_flag,BP (mmHg)_coverage_pct,NH3 (ug/m3)_mean,NH3 (ug/m3)_flag,NH3 (ug/m3)_coverage_pct,Xylene (ug/m3)_mean,Xylene (ug/m3)_flag,Xylene (ug/m3)_coverage_pct,RF (mm)_mean,RF (mm)_flag,RF (mm)_coverage_pct,CH4 (ug/m3)_mean,CH4 (ug/m3)_flag,CH4 (ug/m3)_coverage_pct,NMHC (ug/m3)_mean,NMHC (ug/m3)_flag,NMHC (ug/m3)_coverage_pct,THC (ug/m3)_mean,THC (ug/m3)_flag,THC (ug/m3)_coverage_pct,CO2 (mg/m3)_mean,CO2 (mg/m3)_flag,CO2 (mg/m3)_coverage_pct,HCHO (ug/m3)_mean,HCHO (ug/m3)_flag,HCHO (ug/m3)_coverage_pct,Hg (ug/m3)_mean,Hg (ug/m3)_flag,Hg (ug/m3)_coverage_pct,SPM (ug/m3)_mean,SPM (ug/m3)_flag,SPM (ug/m3)_coverage_pct,data_quality_tier,actual_data_years,data_first_year,data_last_year,n_stations
Panchkula,Haryana,Haryana,2015,12,58.407354838709686,sparse,41.7,,insufficient,12.2,1.7922429906542057,good,57.5,23.113714953271028,good,57.5,24.455280373831776,good,57.5,13.650877742946712,sparse,42.9,0.7315654205607477,good,57.5,14.18126168224299,good,57.5,,insufficient,0.0,,insufficient,0.0,,insufficient,0.0,,insufficient,0.0,,insufficient,0.0,0.7000339366515836,good,59.4,181.71049773755658,good,59.4,51.703125,good,58.1,17.870927601809953,good,59.4,58.305022624434386,good,59.4,722.8604977375564,good,59.4,,no_data,0.0,,no_data,0.0,,no_data,0.0,,no_data,0.0,,no_data,0.0,,no_data,0.0,,no_data,0.0,,no_data,0.0,,no_data,0.0,,no_data,0.0,tier_1,9,2015,2023,1
Panchkula,Haryana,Haryana,2016,1,71.22387931034484,good,62.4,,insufficient,0.0,3.1487835420393555,good,75.1,21.84114490161002,good,75.1,24.542915921288014,good,75.1,6.462007434944239,good,72.3,0.7488129496402878,good,74.7,19.351842576028623,good,75.1,,insufficient,0.0,,insufficient,0.0,,insufficient,0.0,,insufficient,0.0,,insufficient,0.0,0.695840787119857,good,75.1,201.97731663685153,good,75.1,59.51213261648746,good,75.0,16.468602150537635,good,75.0,63.06999999999999,good,75.0,724.0564336917564,good,75.0,,no_data,0.0,,no_data,0.0,,no_data,0.0,,no_data,0.0,,no_data,0.0,,no_data,0.0,,no_data,0.0,,no_data,0.0,,no_data,0.0,,no_data,0.0,tier_1,9,2015,2023,1
Panchkula,Haryana,Haryana,2016,2,48.80263157894737,good,73.7,,insufficient,0.0,3.828370786516854,good,76.7,22.16685393258427,good,76.7,25.904438202247192,good,76.7,7.467714884696017,good,68.5,0.7906593406593406,good,78.4,33.46001821493625,good,78.9,,insufficient,0.0,,insufficient,0.0,,insufficient,0.0,,insufficient,0.0,,insufficient,0.0,0.7203085299455535,good,79.2,184.14274047186933,good,79.2,47.63887640449438,good,76.7,20.081666666666667,good,78.4,86.88320512820512,good,78.4,720.5788644688646,good,78.4,,no_data,0.0,,no_data,0.0,,no_data,0.0,,no_data,0.0,,no_data,0.0,,no_data,0.0,,no_data,0.0,,no_data,0.0,,no_data,0.0,,no_data,0.0,tier_1,9,2015,2023,1
Panchkula,Haryana,Haryana,2016,3,34.24496957403651,good,66.3,,insufficient,0.0,2.726471774193548,good,66.7,24.725665322580642,good,66.7,26.360020161290322,good,66.7,5.9990845070422525,good,57.3,0.7135353535353535,good,66.5,27.796189516129036,good,66.7,,insufficient,0.0,,insufficient,0.0,,insufficient,0.0,,insufficient,0.0,,insufficient,0.0,0.2718951612903226,good,66.7,185.19381048387098,good,66.7,55.153232323232324,good,66.5,24.63472727272727,good,66.5,148.98292929292927,good,66.5,725.7966262626263,good,66.5,,no_data,0.0,,no_data,0.0,,no_data,0.0,,no_data,0.0,,no_data,0.0,,no_data,0.0,,no_data,0.0,,no_data,0.0,,no_data,0.0,,no_data,0.0,tier_1,9,2015,2023,1
Panchkula,Haryana,Haryana,2016,4,41.81277533039648,good,63.1,,insufficient,0.0,3.427792494481236,good,62.9,22.46584988962472,good,62.9,26.40061946902655,good,62.8,8.374601366742596,good,61.0,0.8684,good,62.5,47.02604395604395,good,63.2,,insufficient,0.0,,insufficient,0.0,,insufficient,0.0,,insufficient,0.0,,insufficient,0.0,0.8645054945054944,good,63.2,188.54835164835166,good,63.2,31.94570484581498,good,63.1,30.704911894273124,good,63.1,174.106563876652,good,63.1,724.3979241071429,good,62.2,,no_data,0.0,,no_data,0.0,,no_data,0.0,,no_data,0.0,,no_data,0.0,,no_data,0.0,,no_data,0.0,,no_data,0.0,,no_data,0.0,,no_data,0.0,tier_1,9,2015,2023,1
Panchkula,Haryana,Haryana,2016,5,51.08356984478936,good,60.6,,insufficient,0.0,3.523018018018018,good,59.7,24.236839729119637,good,59.5,27.579616252821673,good,59.5,11.713092550790067,good,59.5,0.8308278867102395,good,61.7,45.171560439560444,good,61.2,,insufficient,0.0,,insufficient,0.0,,insufficient,0.0,,insufficient,0.0,,insufficient,0.0,0.8386739130434782,good,61.8,193.01625272331154,good,61.7,36.31784615384616,good,61.2,32.94527472527472,good,61.2,222.13290748898677,good,61.0,726.9713626373626,good,61.2,,no_data,0.0,,no_data,0.0,,no_data,0.0,,no_data,0.0,,no_data,0.0,,no_data,0.0,,no_data,0.0,,no_data,0.0,,no_data,0.0,,no_data,0.0,tier_1,9,2015,2023,1
Panchkula,Haryana,Haryana,2016,6,43.38931818181818,sparse,36.7,,insufficient,0.0,4.076117216117216,sparse,37.9,16.083223443223446,sparse,37.9,18.968168498168495,sparse,37.9,3.5920522388059704,sparse,37.2,1.0394814814814815,sparse,37.5,37.71930656934307,sparse,38.1,,insufficient,0.0,,insufficient,0.0,,insufficient,0.0,,insufficient,0.0,,insufficient,0.0,1.0454562043795619,sparse,38.1,181.60503649635035,sparse,38.1,57.68182481751825,sparse,38.1,32.98335766423357,sparse,38.1,211.06536496350367,sparse,38.1,729.1453649635037,sparse,38.1,,no_data,0.0,,no_data,0.0,,no_data,0.0,,no_data,0.0,,no_data,0.0,,no_data,0.0,,no_data,0.0,,no_data,0.0,,no_data,0.0,,no_data,0.0,tier_1,9,2015,2023,1
Panchkula,Haryana,Haryana,2016,7,40.050314769975785,good,55.5,,insufficient,0.0,4.43603406326034,good,55.2,19.3552427184466,good,55.4,23.756262135922334,good,55.4,2.8580697050938335,good,50.1,0.8157281553398059,good,55.4,26.275690072639225,good,55.5,,insufficient,0.0,,insufficient,0.0,,insufficient,0.0,,insufficient,0.0,,insufficient,0.0,0.7765169902912622,good,55.4,175.9695641646489,good,55.5,73.40661016949153,good,55.5,30.38811138014528,good,55.5,168.70216019417478,good,55.4,729.4013075060533,good,55.5,,no_data,0.0,,no_data,0.0,,no_data,0.0,,no_data,0.0,,no_data,0.0,,no_data,0.0,,no_data,0.0,,no_data,0.0,,no_data,0.0,,no_data,0.0,tier_1,9,2015,2023,1
Panchkula,Haryana,Haryana,2016,8,33.64273936170212,good,50.5,,insufficient,0.0,5.114465240641711,good,50.3,19.93561170212766,good,50.5,23.25822281167109,good,50.7,6.6499999999999995,sparse,44.1,0.92072,good,50.4,18.199522546419097,good,50.7,,insufficient,0.0,,insufficient,0.0,,insufficient,0.0,,insufficient,0.0,,insufficient,0.0,0.5030371352785146,good,50.7,161.60867374005306,good,50.7,73.50026666666666,good,50.4,29.96058510638298,good,50.5,171.71837765957446,good,50.5,729.3709333333333,good,50.4,,no_data,0.0,,no_data,0.0,,no_data,0.0,,no_data,0.0,,no_data,0.0,,no_data,0.0,,no_data,0.0,,no_data,0.0,,no_data,0.0,,no_data,0.0,tier_1,9,2015,2023,1
Panchkula,Haryana,Haryana,2016,9,57.20885057471264,good,72.5,,insufficient,0.0,3.1313851992409867,good,73.2,21.48735238095238,good,72.9,24.514667931688805,good,73.2,4.6847925311203324,good,66.9,1.062476007677543,good,72.4,27.683022813688215,good,73.1,,insufficient,0.0,,insufficient,0.0,,insufficient,0.0,,insufficient,0.0,,insufficient,0.0,0.6843927893738141,good,73.2,176.10100569259964,good,73.2,66.07973333333334,good,72.9,29.68577142857143,good,72.9,166.9084440227704,good,73.2,726.1935047619048,good,72.9,,no_data,0.0,,no_data,0.0,,no_data,0.0,,no_data,0.0,,no_data,0.0,,no_data,0.0,,no_data,0.0,,no_data,0.0,,no_data,0.0,,no_data,0.0,tier_1,9,2015,2023,1
Panchkula,Haryana,Haryana,2016,10,61.84134375,good,86.0,,insufficient,0.0,3.7230626057529608,good,79.4,21.302647554806068,good,79.7,22.92298482293423,good,79.7,8.790017331022531,good,77.6,0.7347088186356073,good,80.8,37.36612403100776,good,86.7,,insufficient,0.3,,insufficient,0.1,,insufficient,0.0,,insufficient,0.0,,insufficient,0.0,-0.27040310077519375,good,86.7,143.4946046511628,good,86.7,41.08149300155521,good,86.4,26.747947122861586,good,86.4,115.86749611197511,good,86.4,709.9405443234837,good,86.4,,no_data,0.0,,no_data,0.0,,no_data,0.0,,no_data,0.0,,no_data,0.0,,no_data,0.0,,no_data,0.0,,no_data,0.0,,no_data,0.0,,no_data,0.0,tier_1,9,2015,2023,1
Panchkula,Haryana,Haryana,2016,11,68.37457960644007,good,77.6,,insufficient,0.0,4.1228141592920355,good,78.5,21.407345132743366,good,78.5,24.022584070796462,good,78.5,7.854676258992807,good,77.2,0.500074211502783,good,74.9,36.02072566371681,good,78.5,,insufficient,0.7,,insufficient,1.9,,insufficient,0.7,,insufficient,1.9,,insufficient,0.0,0.5693893805309734,good,78.5,162.11663716814158,good,78.5,58.395747330960845,good,78.1,22.55403914590747,good,78.1,89.34633451957295,good,78.1,733.7359964412811,good,78.1,,no_data,0.0,,no_data,0.0,,no_data,0.0,,no_data,0.0,,no_data,0.0,,no_data,0.0,,no_data,0.0,,no_data,0.0,,no_data,0.0,,no_data,0.0,tier_1,9,2015,2023,1
Panchkula,Haryana,Haryana,2016,12,83.99129432624113,good,75.8,,insufficient,0.0,4.149271186440678,good,79.3,19.19006779661017,good,79.3,22.036576271186437,good,79.3,5.5970719178082184,good,78.5,0.4940137221269297,good,78.4,23.882412060301508,good,53.5,,insufficient,1.7,,insufficient,1.3,,insufficient,1.3,,insufficient,0.9,,insufficient,0.8,0.8251016949152542,good,79.3,163.52842372881355,good,79.3,72.97613945578232,good,79.0,19.176139455782312,good,79.0,74.05209183673469,good,79.0,734.6503741496599,good,79.0,,no_data,0.0,,no_data,0.0,,no_data,0.0,,no_data,0.0,,no_data,0.0,,no_data,0.0,,no_data,0.0,,no_data,0.0,,no_data,0.0,,no_data,0.0,tier_1,9,2015,2023,1
Panchkula,Haryana,Haryana,2017,1,55.598642745709824,good,86.2,,insufficient,0.0,3.651402714932127,good,89.1,19.62369532428356,good,89.1,21.12003016591252,good,89.1,3.426112804878049,good,88.2,0.4544108761329305,good,89.0,22.93201238390093,good,86.8,,insufficient,0.0,,insufficient,0.0,,insufficient,0.0,,insufficient,0.0,,insufficient,0.0,0.3058446455505279,good,89.1,181.4315535444947,good,89.1,79.11577039274924,good,89.0,15.85294561933535,good,89.0,84.42282477341391,good,89.0,735.0888519637463,good,89.0,,no_data,0.0,,no_data,0.0,,no_data,0.0,,no_data,0.0,,no_data,0.0,,no_data,0.0,,no_data,0.0,,no_data,0.0,,no_data,0.0,,no_data,0.0,tier_1,9,2015,2023,1
Panchkula,Haryana,Haryana,2017,2,52.711331114808644,good,89.4,,insufficient,0.0,3.696173044925124,good,89.4,21.20886855241265,good,89.4,21.213011647254575,good,89.4,5.3864418212478915,good,88.2,0.5383028286189684,good,89.4,45.14642262895175,good,89.4,,insufficient,0.0,,insufficient,0.6,,insufficient,0.0,,insufficient,0.0,,insufficient,0.0,-0.042171381031613976,good,89.4,188.59710482529118,good,89.4,65.05508333333334,good,89.3,19.53815,good,89.3,112.26443333333334,good,89.3,735.1371166666667,good,89.3,,no_data,0.0,,no_data,0.0,,no_data,0.0,,no_data,0.0,,no_data,0.0,,no_data,0.0,,no_data,0.0,,no_data,0.0,,no_data,0.0,,no_data,0.0,tier_1,9,2015,2023,1
Panchkula,Haryana,Haryana,2017,3,40.16740121580548,good,88.4,,insufficient,0.0,4.45521021021021,good,89.5,23.2191904047976,good,89.7,23.00079460269865,good,89.7,7.5034638554216855,good,89.2,0.5258258258258258,good,89.5,41.596163141993955,good,89.0,,insufficient,0.0,,insufficient,0.0,,insufficient,0.0,,insufficient,0.0,,insufficient,0.0,-0.46685628742514973,good,89.8,191.76375748502994,good,89.8,51.60401206636501,good,89.1,23.65788838612368,good,89.1,155.48864253393666,good,89.1,735.2071945701357,good,89.1,,no_data,0.0,,no_data,0.0,,no_data,0.0,,no_data,0.0,,no_data,0.0,,no_data,0.0,,no_data,0.0,,no_data,0.0,,no_data,0.0,,no_data,0.0,tier_1,9,2015,2023,1
Panchkula,Haryana,Haryana,2017,4,44.18521912350597,sparse,34.9,,insufficient,0.0,5.173520000000001,sparse,34.7,23.66701195219123,sparse,34.9,24.36302788844622,sparse,34.9,6.715060240963855,sparse,34.6,0.45921487603305783,sparse,33.6,29.886772908366535,sparse,34.9,,insufficient,0.0,,insufficient,0.3,,insufficient,0.0,,insufficient,0.0,,insufficient,0.0,0.6406175298804782,sparse,34.9,197.6614342629482,sparse,34.9,38.14072,sparse,34.7,27.76572,sparse,34.7,175.50404,sparse,34.7,734.8713200000001,sparse,34.7,,no_data,0.0,,no_data,0.0,,no_data,0.0,,no_data,0.0,,no_data,0.0,,no_data,0.0,,no_data,0.0,,no_data,0.0,,no_data,0.0,,no_data,0.0,tier_1,9,2015,2023,1
Panchkula,Haryana,Haryana,2017,5,,insufficient,0.0,,insufficient,0.0,,insufficient,0.0,,insufficient,0.0,,insufficient,0.0,,insufficient,0.0,,insufficient,0.0,,insufficient,0.0,,insufficient,0.0,,insufficient,0.0,,insufficient,0.0,,insufficient,0.0,,insufficient,0.0,,insufficient,0.0,,insufficient,0.0,,insufficient,0.0,,insufficient,0.0,,insufficient,0.0,,insufficient,0.0,,no_data,0.0,,no_data,0.0,,no_data,0.0,,no_data,0.0,,no_data,0.0,,no_data,0.0,,no_data,0.0,,no_data,0.0,,no_data,0.0,,no_data,0.0,tier_1,9,2015,2023,1
Panchkula,Haryana,Haryana,2017,6,,insufficient,0.0,,insufficient,0.0,,insufficient,0.0,,insufficient,0.0,,insufficient,0.0,,insufficient,0.0,,insufficient,0.0,,insufficient,0.0,,insufficient,0.0,,insufficient,0.0,,insufficient,0.0,,insufficient,0.0,,insufficient,0.0,,insufficient,0.0,,insufficient,0.0,,insufficient,0.0,,insufficient,0.0,,insufficient,0.0,,insufficient,0.0,,no_data,0.0,,no_data,0.0,,no_data,0.0,,no_data,0.0,,no_data,0.0,,no_data,0.0,,no_data,0.0,,no_data,0.0,,no_data,0.0,,no_data,0.0,tier_1,9,2015,2023,1
Panchkula,Haryana,Haryana,2017,7,,insufficient,0.0,,insufficient,0.0,,insufficient,0.0,,insufficient,0.0,,insufficient,0.0,,insufficient,0.0,,insufficient,0.0,,insufficient,0.0,,insufficient,0.0,,insufficient,0.0,,insufficient,0.0,,insufficient,0.0,,insufficient,0.0,,insufficient,0.0,,insufficient,0.0,,insufficient,0.0,,insufficient,0.0,,insufficient,0.0,,insufficient,0.0,,no_data,0.0,,no_data,0.0,,no_data,0.0,,no_data,0.0,,no_data,0.0,,no_data,0.0,,no_data,0.0,,no_data,0.0,,no_data,0.0,,no_data,0.0,tier_1,9,2015,2023,1
Panchkula,Haryana,Haryana,2017,8,,insufficient,0.0,,insufficient,0.0,,insufficient,0.0,,insufficient,0.0,,insufficient,0.0,,insufficient,0.0,,insufficient,0.0,,insufficient,0.0,,insufficient,0.0,,insufficient,0.0,,insufficient,0.0,,insufficient,0.0,,insufficient,0.0,,insufficient,0.0,,insufficient,0.0,,insufficient,0.0,,insufficient,0.0,,insufficient,0.0,,insufficient,0.0,,no_data,0.0,,no_data,0.0,,no_data,0.0,,no_data,0.0,,no_data,0.0,,no_data,0.0,,no_data,0.0,,no_data,0.0,,no_data,0.0,,no_data,0.0,tier_1,9,2015,2023,1
Panchkula,Haryana,Haryana,2017,9,,insufficient,8.2,,insufficient,0.0,,insufficient,8.2,,insufficient,8.2,,insufficient,0.0,,insufficient,6.9,,insufficient,8.2,,insufficient,6.9,,insufficient,8.2,,insufficient,8.2,,insufficient,0.0,,insufficient,0.0,,insufficient,0.0,,insufficient,6.9,,insufficient,6.9,,insufficient,0.0,,insufficient,8.2,,insufficient,6.9,,insufficient,0.0,,no_data,0.0,,no_data,0.0,,no_data,0.0,,no_data,0.0,,no_data,0.0,,no_data,0.0,,no_data,0.0,,no_data,0.0,,no_data,0.0,,no_data,0.0,tier_1,9,2015,2023,1
Panchkula,Haryana,Haryana,2017,10,64.47106569343066,good,92.1,,insufficient,0.0,4.183956204379562,good,92.1,23.715226277372263,good,92.1,18.12715821812596,good,87.5,6.885290611028315,good,90.2,0.8059124087591241,good,92.1,33.91069124423963,good,87.5,0.014175182481751824,good,92.1,0.01172262773722628,good,92.1,,insufficient,0.0,,insufficient,0.0,,insufficient,0.0,0.18304147465437787,good,87.5,127.88560583941606,good,92.1,,insufficient,0.0,26.629883211678834,good,92.1,120.53740399385562,good,87.5,,insufficient,0.0,,no_data,0.0,,no_data,0.0,,no_data,0.0,,no_data,0.0,,no_data,0.0,,no_data,0.0,,no_data,0.0,,no_data,0.0,,no_data,0.0,,no_data,0.0,tier_1,9,2015,2023,1
Panchkula,Haryana,Haryana,2017,11,93.58380543633763,good,97.1,,insufficient,0.0,4.132150997150997,good,97.5,24.85289173789174,good,97.5,18.701011396011396,good,97.5,8.52125356125356,good,97.5,0.6624108416547789,good,97.4,42.1925641025641,good,97.5,0.0,good,97.5,0.0,good,97.5,,insufficient,0.0,,insufficient,0.0,,insufficient,0.0,0.23569088319088316,good,97.5,151.30431623931625,good,97.5,,insufficient,0.0,21.117863247863248,good,97.5,84.83141025641027,good,97.5,,insufficient,0.0,,no_data,0.0,,no_data,0.0,,no_data,0.0,,no_data,0.0,,no_data,0.0,,no_data,0.0,,no_data,0.0,,no_data,0.0,,no_data,0.0,,no_data,0.0,tier_1,9,2015,2023,1
Panchkula,Haryana,Haryana,2017,12,87.87498154981549,good,72.8,,insufficient,0.0,4.508665447897624,good,73.5,25.007294332723948,good,73.5,18.839195612431443,good,73.5,8.185064220183486,good,73.3,0.7730458715596331,good,73.3,47.318321033210324,good,72.8,0.0,good,72.8,0.0,good,72.8,,insufficient,0.0,,insufficient,0.0,,insufficient,0.0,0.24466240875912407,good,73.7,161.6868623853211,good,73.3,,insufficient,0.0,18.375834862385318,good,73.3,78.24100364963503,good,73.7,,insufficient,0.0,,no_data,0.0,,no_data,0.0,,no_data,0.0,,no_data,0.0,,no_data,0.0,,no_data,0.0,,no_data,0.0,,no_data,0.0,,no_data,0.0,,no_data,0.0,tier_1,9,2015,2023,1
Panchkula,Haryana,Haryana,2018,1,93.12476691729323,good,89.4,,insufficient,0.0,7.543458646616541,good,89.4,24.244962630792227,good,89.9,20.86122571001495,good,89.9,6.681261261261262,good,89.5,0.6572904191616765,good,89.8,40.95828267477204,good,88.4,0.04360902255639098,good,89.4,0.40493233082706764,good,89.4,,insufficient,1.5,,insufficient,12.1,,insufficient,1.5,0.16832585949177878,good,89.9,171.00013533834587,good,89.4,70.88781437125748,good,89.8,16.318343373493974,good,89.2,83.33369760479043,good,89.8,735.0630120481927,good,89.2,,no_data,0.0,,no_data,0.0,,no_data,0.0,,no_data,0.0,,no_data,0.0,,no_data,0.0,,no_data,0.0,,no_data,0.0,,no_data,0.0,,no_data,0.0,tier_1,9,2015,2023,1
Panchkula,Haryana,Haryana,2018,2,60.01669642857143,good,100.0,,insufficient,0.0,6.82251488095238,good,100.0,25.113452380952385,good,100.0,20.533392857142854,good,100.0,4.970119225037259,good,99.9,0.770603318250377,good,98.7,40.41645833333333,good,100.0,0.0,good,99.1,0.13217261904761904,good,100.0,,insufficient,0.0,,insufficient,5.5,,insufficient,0.0,0.4622098214285715,good,100.0,180.7077232142857,good,100.0,62.36699404761905,good,100.0,19.99483630952381,good,100.0,108.59333333333333,good,100.0,735.072306547619,good,100.0,,no_data,0.0,,no_data,0.0,,no_data,0.0,,no_data,0.0,,no_data,0.0,,no_data,0.0,,no_data,0.0,,no_data,0.0,,no_data,0.0,,no_data,0.0,tier_1,9,2015,2023,1
Panchkula,Haryana,Haryana,2018,3,45.09034111310592,good,74.9,,insufficient,0.0,7.463500000000001,good,91.4,26.651514705882352,good,91.4,23.16080882352941,good,91.4,4.493692762186115,good,91.0,0.7762027231467474,good,88.8,36.47979411764705,good,91.4,0.007029411764705881,good,91.4,0.01680882352941177,good,91.4,,insufficient,0.0,,insufficient,1.2,,insufficient,0.0,0.5911470588235295,good,91.4,175.7078792341679,good,91.3,49.35723529411764,good,91.4,25.098705882352945,good,91.4,165.90335294117648,good,91.4,735.390338235294,good,91.4,,no_data,0.0,,no_data,0.0,,no_data,0.0,,no_data,0.0,,no_data,0.0,,no_data,0.0,,no_data,0.0,,no_data,0.0,,no_data,0.0,,no_data,0.0,tier_1,9,2015,2023,1
Panchkula,Haryana,Haryana,2018,4,43.36074652777778,good,80.0,,insufficient,0.0,7.483769633507853,good,79.6,23.884432809773124,good,79.6,20.070471204188483,good,79.6,7.11280487804878,good,79.7,1.0137456445993032,good,79.7,48.72890625,good,80.0,0.02815972222222222,good,80.0,0.05727430555555556,good,80.0,,insufficient,3.6,,insufficient,6.1,,insufficient,4.6,0.47095486111111107,good,80.0,170.7154861111111,good,80.0,43.42310763888889,good,80.0,29.353315972222227,good,80.0,179.68328125000002,good,80.0,735.3210416666666,good,80.0,,no_data,0.0,,no_data,0.0,,no_data,0.0,,no_data,0.0,,no_data,0.0,,no_data,0.0,,no_data,0.0,,no_data,0.0,,no_data,0.0,,no_data,0.0,tier_1,9,2015,2023,1
Panchkula,Haryana,Haryana,2018,5,51.88642045454546,good,94.6,,insufficient,0.0,6.523641536273115,good,94.5,23.67881934566145,good,94.5,20.45022759601707,good,94.5,8.14877667140825,good,94.5,0.7427158555729985,good,85.6,55.344957507082164,good,94.9,0.21060906515580735,good,94.9,0.4450708215297451,good,94.9,0.1620038535645472,good,69.8,0.2286705202312139,good,69.8,0.14992292870905585,good,69.8,0.35364022662889516,good,94.9,190.73001416430597,good,94.9,38.621118980169975,good,94.9,32.0564447592068,good,94.9,198.29753541076488,good,94.9,735.4148725212465,good,94.9,,no_data,0.0,,no_data,0.0,,no_data,0.0,,no_data,0.0,,no_data,0.0,,no_data,0.0,,no_data,0.0,,no_data,0.0,,no_data,0.0,,no_data,0.0,tier_1,9,2015,2023,1
Panchkula,Haryana,Haryana,2018,6,91.85471810089021,good,93.6,,insufficient,0.0,8.145716417910448,good,93.1,23.337251114413075,good,93.5,21.56514836795252,good,93.6,8.318470764617691,good,92.6,1.0297329376854598,good,93.6,70.05209653092007,good,92.1,0.18115384615384614,good,93.9,0.6196005917159763,good,93.9,0.15992603550295856,good,93.9,0.22963017751479292,good,93.9,0.1510059171597633,good,93.9,0.3752884615384615,good,93.9,184.1233727810651,good,93.9,51.17464391691394,good,93.6,33.788249258160235,good,93.6,178.63330860534123,good,93.6,735.9572255192879,good,93.6,,no_data,0.0,,no_data,0.0,,no_data,0.0,,no_data,0.0,,no_data,0.0,,no_data,0.0,,no_data,0.0,,no_data,0.0,,no_data,0.0,,no_data,0.0,tier_1,9,2015,2023,1
Panchkula,Haryana,Haryana,2018,7,27.466920152091255,good,70.7,,insufficient,0.0,8.20111320754717,good,71.2,22.671203007518802,good,71.5,22.87877589453861,good,71.4,8.491727447216892,good,70.0,0.4902830188679246,good,71.2,25.545216572504707,good,71.4,0.24056285178236397,good,71.6,0.42652908067542217,good,71.6,0.2009356725146199,good,69.0,0.19500974658869394,good,69.0,0.1267446393762183,good,69.0,0.8899812382739212,good,71.6,164.48382739212008,good,71.6,66.2675329566855,good,71.4,33.45312617702448,good,71.4,183.4961958568738,good,71.4,737.1454613935971,good,71.4,,no_data,0.0,,no_data,0.0,,no_data,0.0,,no_data,0.0,,no_data,0.0,,no_data,0.0,,no_data,0.0,,no_data,0.0,,no_data,0.0,,no_data,0.0,tier_1,9,2015,2023,1
Panchkula,Haryana,Haryana,2018,8,30.875675105485232,good,63.7,,insufficient,0.0,5.91344262295082,good,65.6,21.104672131147545,good,65.6,19.429692622950817,good,65.6,9.801129707112972,good,64.2,0.6391546391752577,good,65.2,35.20698151950719,good,65.5,2.037684426229508,good,65.6,0.2569672131147541,good,65.6,0.26568788501026697,good,65.5,0.18287474332648868,good,65.5,2.23394250513347,good,65.5,0.6255942622950819,good,65.6,163.655,good,65.6,74.32991769547324,good,65.3,32.8690329218107,good,65.3,308.38896226415096,sparse,42.7,734.8185802469135,good,65.3,,no_data,0.0,,no_data,0.0,,no_data,0.0,,no_data,0.0,,no_data,0.0,,no_data,0.0,,no_data,0.0,,no_data,0.0,,no_data,0.0,,no_data,0.0,tier_1,9,2015,2023,1
Panchkula,Haryana,Haryana,2018,9,26.58481695568401,good,72.1,,insufficient,0.0,8.612946768060835,good,73.1,21.103726235741448,good,73.1,19.510684410646387,good,73.1,7.929034749034749,good,71.9,0.788742857142857,good,72.9,51.6098288973384,good,73.1,0.31015209125475285,good,73.1,0.2786311787072243,good,73.1,0.26836501901140686,good,73.1,0.1790494296577947,good,73.1,0.25192015209125473,good,73.1,0.23691064638783269,good,73.1,155.6435619047619,good,72.9,81.16689655172414,good,72.5,29.16323754789272,good,72.5,364.3123858921162,good,66.9,735.7916283524905,good,72.5,,no_data,0.0,,no_data,0.0,,no_data,0.0,,no_data,0.0,,no_data,0.0,,no_data,0.0,,no_data,0.0,,no_data,0.0,,no_data,0.0,,no_data,0.0,tier_1,9,2015,2023,1
Panchkula,Haryana,Haryana,2018,10,35.16511988716502,good,95.3,,insufficient,0.0,10.724126760563381,good,95.4,19.681408450704225,good,95.4,20.26974683544304,good,95.6,4.662070921985816,good,94.8,0.9061647727272728,good,94.6,65.35947960618846,good,95.6,0.47464887640449444,good,95.7,0.5738061797752808,good,95.7,0.34203651685393255,good,95.7,0.3375842696629213,good,95.7,0.25276685393258425,good,95.7,0.27610252808988767,good,95.7,155.02668776371306,good,63.7,53.8268309859155,good,95.4,25.372422535211264,good,95.4,243.19110714285713,good,75.3,737.8727464788733,good,95.4,,no_data,0.0,,no_data,0.0,,no_data,0.0,,no_data,0.0,,no_data,0.0,,no_data,0.0,,no_data,0.0,,no_data,0.0,,no_data,0.0,,no_data,0.0,tier_1,9,2015,2023,1
Panchkula,Haryana,Haryana,2018,11,52.93199164345403,good,99.7,,insufficient,0.0,6.9737186629526455,good,99.7,19.912576601671308,good,99.7,15.596142061281336,good,99.7,5.847395543175488,good,99.7,0.7856963788300836,good,99.7,34.55346796657381,good,99.7,0.45879234167893956,good,94.3,0.853941504178273,good,99.7,0.44083756345177666,good,54.7,0.5323659305993691,sparse,44.0,0.48773224043715846,good,50.8,0.8280055788005578,good,99.6,189.34533333333334,good,85.4,62.39458856345885,good,99.6,21.52036262203626,good,99.6,186.22028938906752,good,86.4,734.7652301255229,good,99.6,,no_data,0.0,,no_data,0.0,,no_data,0.0,,no_data,0.0,,no_data,0.0,,no_data,0.0,,no_data,0.0,,no_data,0.0,,no_data,0.0,,no_data,0.0,tier_1,9,2015,2023,1
Panchkula,Haryana,Haryana,2018,12,56.50110215053763,good,100.0,,insufficient,0.0,7.832795698924731,good,100.0,20.32725806451613,good,100.0,16.109327956989247,good,100.0,4.965702592087312,good,98.5,0.5330645161290323,good,100.0,60.29962365591398,good,100.0,0.5779166666666667,good,100.0,1.1920833333333334,good,100.0,0.3372668810289389,sparse,41.8,0.6194965675057209,good,58.7,0.4507322654462243,good,58.7,1.7798723118279571,good,100.0,180.6234005376344,good,100.0,66.02727150537633,good,100.0,17.055725806451612,good,100.0,295.98903225806447,good,100.0,738.1296908602151,good,100.0,,no_data,0.0,,no_data,0.0,,no_data,0.0,,no_data,0.0,,no_data,0.0,,no_data,0.0,,no_data,0.0,,no_data,0.0,,no_data,0.0,,no_data,0.0,tier_1,9,2015,2023,1
Panchkula,Haryana,Haryana,2019,1,58.23278225806452,good,100.0,,insufficient,0.0,5.676895161290323,good,100.0,20.923158602150536,good,100.0,14.688413978494625,good,100.0,5.64478494623656,good,100.0,0.5248387096774193,good,100.0,59.59829301075269,good,100.0,0.7572983870967743,good,100.0,1.2713575268817205,good,100.0,0.3488813559322034,good,79.3,0.7335618279569892,good,100.0,,insufficient,20.8,1.1286155913978493,good,100.0,184.24633064516127,good,100.0,69.75944892473117,good,100.0,16.551021505376344,good,100.0,269.7723387096774,good,100.0,737.9804032258063,good,100.0,,no_data,0.0,,no_data,0.0,,no_data,0.0,,no_data,0.0,,no_data,0.0,,no_data,0.0,,no_data,0.0,,no_data,0.0,,no_data,0.0,,no_data,0.0,tier_1,9,2015,2023,1
Panchkula,Haryana,Haryana,2019,2,37.153845007451565,good,99.9,,insufficient,0.0,6.607455357142857,good,100.0,20.320684523809526,good,100.0,15.104032738095238,good,100.0,5.761190476190476,good,100.0,0.48190476190476195,good,100.0,66.3835267857143,good,100.0,0.724077380952381,good,100.0,1.1565178571428572,good,100.0,0.349265306122449,good,72.9,0.649077380952381,good,100.0,0.41885245901639345,sparse,27.2,0.5623437499999999,good,100.0,193.56642857142856,good,100.0,74.70059523809523,good,100.0,18.14659226190476,good,100.0,269.8572470238095,good,100.0,738.3219196428572,good,100.0,,no_data,0.0,,no_data,0.0,,no_data,0.0,,no_data,0.0,,no_data,0.0,,no_data,0.0,,no_data,0.0,,no_data,0.0,,no_data,0.0,,no_data,0.0,tier_1,9,2015,2023,1
Panchkula,Haryana,Haryana,2019,3,37.02946502057613,good,98.0,,insufficient,0.0,5.288161865569273,good,98.0,20.87134430727023,good,98.0,14.3359670781893,good,98.0,5.731893004115227,good,98.0,0.43534979423868314,good,98.0,45.8451303155007,good,98.0,1.002894375857339,good,98.0,1.6846364883401919,good,98.0,0.634358108108108,good,79.6,0.778724279835391,good,98.0,0.6551165980795611,good,98.0,0.7138888888888888,good,98.0,172.99100137174213,good,98.0,60.32727023319616,good,98.0,22.243909465020575,good,98.0,296.61539094650203,good,98.0,737.9060356652949,good,98.0,,no_data,0.0,,no_data,0.0,,no_data,0.0,,no_data,0.0,,no_data,0.0,,no_data,0.0,,no_data,0.0,,no_data,0.0,,no_data,0.0,,no_data,0.0,tier_1,9,2015,2023,1
Panchkula,Haryana,Haryana,2019,4,40.814516129032256,good,99.0,,insufficient,0.0,8.800098176718091,good,99.0,16.975778401122017,good,99.0,15.093478260869565,good,99.0,8.061023842917251,good,99.0,0.5184011220196354,good,99.0,53.33366058906031,good,99.0,0.9802244039270687,good,99.0,0.4188920056100981,good,99.0,0.47928471248246846,good,99.0,0.5315708274894811,good,99.0,0.5409537166900421,good,99.0,0.04400420757363254,good,99.0,183.61785413744738,good,99.0,46.24047685834502,good,99.0,28.93422159887798,good,99.0,324.02082748948106,good,99.0,737.6001683029453,good,99.0,,no_data,0.0,,no_data,0.0,,no_data,0.0,,no_data,0.0,,no_data,0.0,,no_data,0.0,,no_data,0.0,,no_data,0.0,,no_data,0.0,,no_data,0.0,tier_1,9,2015,2023,1
Panchkula,Haryana,Haryana,2019,5,41.945141318977115,good,99.9,,insufficient,0.0,5.5364650537634414,good,100.0,18.381330645161288,good,100.0,15.361733870967742,good,100.0,6.715403225806452,good,100.0,0.5164516129032258,good,100.0,42.56164739884393,good,93.0,0.7616420118343196,good,90.9,0.8453994082840237,good,90.9,0.3683408071748879,good,89.9,0.7510014947683109,good,89.9,0.36624813153961133,good,89.9,1.3435013440860215,good,100.0,168.5181182795699,good,100.0,34.651666666666664,good,100.0,31.983239247311825,good,100.0,229.3303956343793,good,98.5,737.4385080645161,good,100.0,,no_data,0.0,,no_data,0.0,,no_data,0.0,,no_data,0.0,,no_data,0.0,,no_data,0.0,,no_data,0.0,,no_data,0.0,,no_data,0.0,,no_data,0.0,tier_1,9,2015,2023,1
Panchkula,Haryana,Haryana,2019,6,45.919624999999996,good,100.0,,insufficient,0.0,5.3269722222222216,good,100.0,14.364499999999998,good,100.0,14.386888888888889,good,100.0,5.291375,good,100.0,0.4055277777777778,good,100.0,56.28511111111111,good,100.0,0.6816249999999999,good,100.0,1.0501527777777777,good,100.0,0.32140277777777776,good,100.0,0.849125,good,100.0,0.2907222222222222,good,100.0,0.8815000000000001,good,100.0,181.69568055555555,good,100.0,42.32375,good,100.0,33.661402777777774,good,100.0,168.18468055555556,good,100.0,737.5408472222223,good,100.0,,no_data,0.0,,no_data,0.0,,no_data,0.0,,no_data,0.0,,no_data,0.0,,no_data,0.0,,no_data,0.0,,no_data,0.0,,no_data,0.0,,no_data,0.0,tier_1,9,2015,2023,1
Panchkula,Haryana,Haryana,2019,7,35.71909825033647,good,99.9,,insufficient,0.0,5.705940860215054,good,100.0,22.2594623655914,good,100.0,16.34188172043011,good,100.0,4.841451612903226,good,100.0,0.47754583921015514,good,95.3,29.16021857923497,good,98.4,0.681021505376344,good,100.0,1.0496774193548388,good,100.0,0.32102150537634405,good,100.0,0.8492607526881719,good,100.0,0.2904435483870968,good,100.0,0.13665994623655917,good,100.0,211.7427016129032,good,100.0,78.1706182795699,good,100.0,30.092701612903227,good,100.0,238.7984139784946,good,100.0,740.3681720430106,good,100.0,,no_data,0.0,,no_data,0.0,,no_data,0.0,,no_data,0.0,,no_data,0.0,,no_data,0.0,,no_data,0.0,,no_data,0.0,,no_data,0.0,,no_data,0.0,tier_1,9,2015,2023,1
Panchkula,Haryana,Haryana,2019,8,27.11778231292517,good,98.8,,insufficient,0.0,8.961755102040817,good,98.8,17.785061224489798,good,98.8,16.67248979591837,good,98.8,4.835755102040816,good,98.8,0.659374149659864,good,98.8,38.1988843537415,good,98.8,0.8744274809160305,good,88.0,1.0201221374045801,good,88.0,0.3764885496183206,good,88.0,0.8155877862595419,good,88.0,0.3168396946564886,good,88.0,-0.0362312925170068,good,98.8,222.45159183673468,good,98.8,82.13081632653062,good,98.8,29.77605442176871,good,98.8,280.98731972789113,good,98.8,741.2104081632654,good,98.8,,no_data,0.0,,no_data,0.0,,no_data,0.0,,no_data,0.0,,no_data,0.0,,no_data,0.0,,no_data,0.0,,no_data,0.0,,no_data,0.0,,no_data,0.0,tier_1,9,2015,2023,1
Panchkula,Haryana,Haryana,2019,9,39.15516405135521,good,97.4,,insufficient,0.0,8.665598290598291,good,97.5,13.61188034188034,good,97.5,14.238703703703703,good,97.5,4.930584878744651,good,97.4,0.3537179487179487,good,97.5,34.89553680981595,good,90.6,0.3678382581648522,good,89.3,0.4362052877138413,good,89.3,0.509527027027027,sparse,41.1,0.7271959459459459,sparse,41.1,0.3796621621621621,sparse,41.1,0.08419515669515669,good,97.5,224.89273504273507,good,97.5,80.77772079772079,good,97.5,29.175626780626782,good,97.5,152.62741885625965,good,89.9,738.8532905982906,good,97.5,,no_data,0.0,,no_data,0.0,,no_data,0.0,,no_data,0.0,,no_data,0.0,,no_data,0.0,,no_data,0.0,,no_data,0.0,,no_data,0.0,,no_data,0.0,tier_1,9,2015,2023,1
Panchkula,Haryana,Haryana,2019,10,58.787978436657696,good,99.7,,insufficient,0.0,9.192982456140351,good,99.6,15.232712550607285,good,99.6,15.520229419703103,good,99.6,6.847227722772277,good,95.0,0.3374562584118439,good,99.9,45.6067115902965,good,99.7,1.0062987886944819,good,99.9,1.1482099596231492,good,99.9,0.5883176312247644,good,99.9,0.8114266487213996,good,99.9,0.44468371467025575,good,99.9,0.341621803499327,good,99.9,181.14401076716015,good,99.9,71.51518169582772,good,99.9,25.590942126514133,good,99.9,201.81783430232556,good,92.5,738.0107537012113,good,99.9,,no_data,0.0,,no_data,0.0,,no_data,0.0,,no_data,0.0,,no_data,0.0,,no_data,0.0,,no_data,0.0,,no_data,0.0,,no_data,0.0,,no_data,0.0,tier_1,9,2015,2023,1
Panchkula,Haryana,Haryana,2019,11,52.45929166666666,good,100.0,,insufficient,0.0,10.075147265077138,good,99.0,20.340112201963535,good,99.0,19.083618513323984,good,99.0,12.854032023289664,good,95.4,0.30266479663394114,good,99.0,32.32631136044881,good,99.0,0.9801111111111112,good,100.0,1.2807361111111113,good,100.0,0.5216111111111111,good,100.0,0.6812499999999999,good,100.0,0.38108333333333333,good,100.0,1.7376458333333333,good,100.0,122.48897222222222,good,100.0,69.88056944444443,good,100.0,21.788305555555556,good,100.0,97.06564491654021,good,91.5,736.8629583333334,good,100.0,,no_data,0.0,,no_data,0.0,,no_data,0.0,,no_data,0.0,,no_data,0.0,,no_data,0.0,,no_data,0.0,,no_data,0.0,,no_data,0.0,,no_data,0.0,tier_1,9,2015,2023,1
Panchkula,Haryana,Haryana,2019,12,62.4320564516129,good,100.0,,insufficient,0.0,10.657432795698924,good,100.0,21.499112903225807,good,100.0,20.18415322580645,good,100.0,12.179528875379939,good,88.4,0.5374002954209749,good,91.0,24.135020297699594,good,99.3,1.8873118279569894,good,100.0,2.727715053763441,good,100.0,0.7494158553546592,good,96.6,0.7825869262865092,good,96.6,0.6842976356050069,good,96.6,1.84869623655914,good,100.0,137.29547043010754,good,100.0,83.75057795698923,good,100.0,13.679220430107527,good,100.0,128.15681451612903,good,100.0,737.1831317204301,good,100.0,,no_data,0.0,,no_data,0.0,,no_data,0.0,,no_data,0.0,,no_data,0.0,,no_data,0.0,,no_data,0.0,,no_data,0.0,,no_data,0.0,,no_data,0.0,tier_1,9,2015,2023,1
Panchkula,Haryana,Haryana,2020,1,50.05158602150538,good,100.0,,insufficient,0.0,10.480604838709677,good,100.0,26.511370967741936,good,100.0,23.626948924731185,good,100.0,12.395380794701985,good,81.2,0.46659946236559136,good,100.0,22.72337365591398,good,100.0,2.6826881720430107,good,100.0,3.9793682795698926,good,100.0,0.921518817204301,good,100.0,0.8588575268817205,good,100.0,0.9093413978494623,good,100.0,1.8282795698924732,good,100.0,144.70661290322582,good,100.0,86.18021505376345,good,100.0,10.793494623655915,good,100.0,159.98936827956987,good,100.0,737.5574462365591,good,100.0,,no_data,0.0,,no_data,0.0,,no_data,0.0,,no_data,0.0,,no_data,0.0,,no_data,0.0,,no_data,0.0,,no_data,0.0,,no_data,0.0,,no_data,0.0,tier_1,9,2015,2023,1
Panchkula,Haryana,Haryana,2020,2,38.50992805755396,good,99.9,,insufficient,0.0,12.089237410071943,good,99.9,22.538374100719423,good,99.9,21.529827338129497,good,99.9,10.568693379790941,good,82.5,0.4959712230215827,good,99.9,39.5585590778098,good,99.7,2.683539568345324,good,99.9,3.9820143884892087,good,99.9,0.9215827338129496,good,99.9,0.8597697841726618,good,99.9,0.9108633093525179,good,99.9,2.082561151079137,good,99.9,144.37058992805754,good,99.9,78.31628776978417,good,99.9,13.942949640287768,good,99.9,142.90161151079138,good,99.9,736.9061294964029,good,99.9,,no_data,0.0,,no_data,0.0,,no_data,0.0,,no_data,0.0,,no_data,0.0,,no_data,0.0,,no_data,0.0,,no_data,0.0,,no_data,0.0,,no_data,0.0,tier_1,9,2015,2023,1
Panchkula,Haryana,Haryana,2020,3,18.76807795698925,good,100.0,,insufficient,0.0,11.868185483870969,good,100.0,17.382110215053764,good,100.0,18.962231182795698,good,100.0,9.055138888888889,good,87.1,0.7699462365591396,good,100.0,38.81875169606513,good,99.1,2.6780510752688174,good,100.0,3.9812634408602157,good,100.0,0.9208602150537635,good,100.0,0.8587365591397849,good,100.0,0.9107795698924731,good,100.0,1.9536223118279572,good,100.0,146.6353629032258,good,100.0,74.90926075268818,good,100.0,17.02307795698925,good,100.0,197.53305107526882,good,100.0,737.5492876344085,good,100.0,,no_data,0.0,,no_data,0.0,,no_data,0.0,,no_data,0.0,,no_data,0.0,,no_data,0.0,,no_data,0.0,,no_data,0.0,,no_data,0.0,,no_data,0.0,tier_1,9,2015,2023,1
Panchkula,Haryana,Haryana,2020,4,19.942944444444443,good,100.0,,insufficient,0.0,12.564527777777776,good,100.0,19.621027777777776,good,100.0,20.70790277777778,good,100.0,12.130589254766031,good,80.1,0.5746249999999999,good,100.0,29.870041666666665,good,100.0,2.6809444444444446,good,100.0,3.9812916666666665,good,100.0,0.9205416666666666,good,100.0,0.8580972222222221,good,100.0,0.9128472222222223,good,100.0,1.759770833333333,good,100.0,143.17845833333334,good,100.0,53.35197222222222,good,100.0,22.501250000000002,good,100.0,199.19268055555557,good,100.0,736.4896944444446,good,100.0,,no_data,0.0,,no_data,0.0,,no_data,0.0,,no_data,0.0,,no_data,0.0,,no_data,0.0,,no_data,0.0,,no_data,0.0,,no_data,0.0,,no_data,0.0,tier_1,9,2015,2023,1
Panchkula,Haryana,Haryana,2020,5,25.80550561797753,good,83.7,,insufficient,0.0,8.651380417335472,good,83.7,25.78120578778135,good,83.6,21.18199036918138,good,83.7,15.588336755646818,good,65.5,0.4018167202572348,good,83.6,56.81609951845907,good,83.7,2.682359550561798,good,83.7,3.9861476725521667,good,83.7,0.9202889245585874,good,83.7,0.860609951845907,good,83.7,0.9098394863563404,good,83.7,1.6892054574638844,good,83.7,147.28313001605136,good,83.7,51.98699839486357,good,83.7,25.858475120385233,good,83.7,207.19614767255214,good,83.7,736.5718298555378,good,83.7,,no_data,0.0,,no_data,0.0,,no_data,0.0,,no_data,0.0,,no_data,0.0,,no_data,0.0,,no_data,0.0,,no_data,0.0,,no_data,0.0,,no_data,0.0,tier_1,9,2015,2023,1
Panchkula,Haryana,Haryana,2020,6,31.754841954022993,good,96.7,,insufficient,0.0,5.6895422031473535,good,97.1,15.597353361945636,good,97.1,12.838998569384835,good,97.1,7.37223088923557,good,89.0,0.5731994261119081,good,96.8,38.855681492109035,good,96.8,2.681216022889843,good,97.1,3.981645207439199,good,97.1,0.9215593705293276,good,97.1,0.8592131616595137,good,97.1,0.9112017167381975,good,97.1,0.8956509298998568,good,97.1,154.60336194563664,good,97.1,66.77107296137339,good,97.1,26.822260371959946,good,97.1,165.73633762517883,good,97.1,737.1818025751073,good,97.1,,no_data,0.0,,no_data,0.0,,no_data,0.0,,no_data,0.0,,no_data,0.0,,no_data,0.0,,no_data,0.0,,no_data,0.0,,no_data,0.0,,no_data,0.0,tier_1,9,2015,2023,1
Panchkula,Haryana,Haryana,2020,7,31.670259917920657,good,98.3,,insufficient,0.0,9.223655462184873,good,96.0,18.6218487394958,good,96.0,17.40847338935574,good,96.0,4.404098591549295,good,95.4,0.2166894664842681,good,98.3,11.501284153005463,good,98.4,2.6775409836065576,good,98.4,3.9770491803278687,good,98.4,0.9206830601092897,good,98.4,0.8603005464480874,good,98.4,0.9103142076502732,good,98.4,0.7079849726775956,good,98.4,145.69407103825137,good,98.4,85.1937431693989,good,98.4,25.600806010928963,good,98.4,166.86277854195325,good,97.7,738.7707103825137,good,98.4,,no_data,0.0,,no_data,0.0,,no_data,0.0,,no_data,0.0,,no_data,0.0,,no_data,0.0,,no_data,0.0,,no_data,0.0,,no_data,0.0,,no_data,0.0,tier_1,9,2015,2023,1
Panchkula,Haryana,Haryana,2020,8,22.536397849462368,good,100.0,,insufficient,0.0,9.222620967741934,good,100.0,18.65649193548387,good,100.0,17.429690860215054,good,100.0,3.225945205479452,good,98.1,0.9616309012875537,good,94.0,8.167647849462366,good,100.0,2.682029569892473,good,100.0,3.980201612903225,good,100.0,0.9209274193548387,good,100.0,0.8595430107526881,good,100.0,0.9109139784946237,good,100.0,0.7299395161290323,good,100.0,142.0106451612903,good,100.0,90.88004032258064,good,100.0,24.985913978494626,good,100.0,167.36948787061996,good,99.7,739.060376344086,good,100.0,,no_data,0.0,,no_data,0.0,,no_data,0.0,,no_data,0.0,,no_data,0.0,,no_data,0.0,,no_data,0.0,,no_data,0.0,,no_data,0.0,,no_data,0.0,tier_1,9,2015,2023,1
Panchkula,Haryana,Haryana,2020,9,46.78363184079602,good,83.8,,insufficient,0.0,10.663913764510779,good,83.8,20.79262023217247,good,83.8,19.866069651741295,good,83.8,6.722068376068376,good,81.2,0.5926126126126127,good,77.1,11.109186046511628,good,83.6,2.6787728026534,good,83.8,3.9812603648424543,good,83.8,0.9207131011608625,good,83.8,0.8599004975124378,good,83.8,0.9118739635157546,good,83.8,0.6498756218905473,good,83.8,124.45177446102821,good,83.8,83.21174129353234,good,83.8,24.875389718076285,good,83.8,138.290780730897,good,83.6,738.1882255389718,good,83.8,,no_data,0.0,,no_data,0.0,,no_data,0.0,,no_data,0.0,,no_data,0.0,,no_data,0.0,,no_data,0.0,,no_data,0.0,,no_data,0.0,,no_data,0.0,tier_1,9,2015,2023,1
Panchkula,Haryana,Haryana,2020,10,55.56786435786436,good,93.1,,insufficient,0.0,9.906803394625177,good,95.0,20.155728429985857,good,95.0,18.73994342291372,good,95.0,9.087096317280455,good,94.9,0.7080480905233381,good,95.0,42.29332390381896,good,95.0,2.678359264497878,good,95.0,3.9752616690240457,good,95.0,0.9196746817538898,good,95.0,0.8594908062234794,good,95.0,0.9094342291371995,good,95.0,0.7438401697312588,good,95.0,170.68582743988685,good,95.0,57.35560906515582,good,94.9,21.7693059490085,good,94.9,186.18571834992886,good,94.5,737.2805524079321,good,94.9,,no_data,0.0,,no_data,0.0,,no_data,0.0,,no_data,0.0,,no_data,0.0,,no_data,0.0,,no_data,0.0,,no_data,0.0,,no_data,0.0,,no_data,0.0,tier_1,9,2015,2023,1
Panchkula,Haryana,Haryana,2020,11,80.46138655462185,good,99.2,,insufficient,0.0,8.570431754874651,good,99.7,20.620793871866294,good,99.7,17.766476323119775,good,99.7,6.998185654008439,good,98.8,0.973690807799443,good,99.7,33.8765014164306,good,98.1,3.16824512534819,good,99.7,3.306810584958217,good,99.7,1.4367966573816155,good,99.7,1.5112116991643456,good,99.7,1.3380640668523678,good,99.7,0.9003690807799444,good,99.7,180.98643454038998,good,99.7,66.75196378830084,good,99.7,15.92848189415042,good,99.7,203.72132681564247,good,99.4,737.6064066852366,good,99.7,,no_data,0.0,,no_data,0.0,,no_data,0.0,,no_data,0.0,,no_data,0.0,,no_data,0.0,,no_data,0.0,,no_data,0.0,,no_data,0.0,,no_data,0.0,tier_1,9,2015,2023,1
Panchkula,Haryana,Haryana,2020,12,94.04595959595959,good,93.1,,insufficient,0.0,9.197669064748201,good,93.4,25.174158273381295,good,93.4,19.82451798561151,good,93.4,8.227726618705034,good,93.4,0.4368776978417266,good,93.4,29.860892086330935,good,93.4,4.649208633093525,good,93.4,2.677453237410072,good,93.4,2.3785611510791367,good,93.4,1.9771654676258992,good,93.4,1.9775539568345326,good,93.4,1.0713956834532374,good,93.4,177.2672086330935,good,93.4,78.92141007194245,good,93.4,12.215741007194243,good,93.4,179.4515107913669,good,93.4,737.51,good,93.4,,no_data,0.0,,no_data,0.0,,no_data,0.0,,no_data,0.0,,no_data,0.0,,no_data,0.0,,no_data,0.0,,no_data,0.0,,no_data,0.0,,no_data,0.0,tier_1,9,2015,2023,1
Panchkula,Haryana,Haryana,2021,1,73.33709627329192,good,86.6,,insufficient,0.0,9.152622282608695,good,98.9,24.66451086956522,good,98.9,19.6616960651289,good,99.1,7.285714285714286,good,98.8,0.6428629579375849,good,99.1,105.93398097826088,good,98.9,4.638738127544098,good,99.1,2.6724830393487107,good,99.1,2.375733695652174,good,98.9,1.978858695652174,good,98.9,1.981086956521739,good,98.9,1.1088331071913162,good,99.1,176.93754076086955,good,98.9,88.1844429347826,good,98.9,11.281657608695651,good,98.9,175.72086956521738,good,98.9,737.9670516304348,good,98.9,,no_data,0.0,,no_data,0.0,,no_data,0.0,,no_data,0.0,,no_data,0.0,,no_data,0.0,,no_data,0.0,,no_data,0.0,,no_data,0.0,,no_data,0.0,tier_1,9,2015,2023,1
Panchkula,Haryana,Haryana,2021,2,53.64922580645162,good,92.3,,insufficient,0.0,9.14338905775076,good,97.9,24.645394321766563,good,94.3,19.70496960486322,good,97.9,8.192531645569622,good,94.0,0.72324200913242,good,97.8,33.6710719754977,good,97.2,4.64887537993921,good,97.9,2.6819452887537993,good,97.9,2.3785714285714286,good,97.9,1.9823252279635257,good,97.9,1.9780851063829785,good,97.9,0.8749544072948329,good,97.9,168.0203039513678,good,97.9,72.60682370820669,good,97.9,15.507902735562311,good,97.9,147.28452887537995,good,97.9,736.7332370820668,good,97.9,,no_data,0.0,,no_data,0.0,,no_data,0.0,,no_data,0.0,,no_data,0.0,,no_data,0.0,,no_data,0.0,,no_data,0.0,,no_data,0.0,,no_data,0.0,tier_1,9,2015,2023,1
Panchkula,Haryana,Haryana,2021,3,50.40220815752461,good,95.6,,insufficient,0.0,7.749663978494624,good,100.0,29.24686827956989,good,100.0,22.856357526881723,good,100.0,7.8790713324360695,good,99.9,0.4956048387096774,good,100.0,32.525262449528945,good,99.9,2.811290322580645,good,100.0,2.926922043010753,good,100.0,2.109596774193548,good,100.0,1.695766129032258,good,100.0,1.0599193548387096,good,100.0,1.0746908602150538,good,100.0,159.50454301075268,good,100.0,52.94293010752687,good,100.0,20.491612903225803,good,100.0,164.8712634408602,good,100.0,736.0356048387097,good,100.0,,no_data,0.0,,no_data,0.0,,no_data,0.0,,no_data,0.0,,no_data,0.0,,no_data,0.0,,no_data,0.0,,no_data,0.0,,no_data,0.0,,no_data,0.0,tier_1,9,2015,2023,1
Panchkula,Haryana,Haryana,2021,4,38.095643564356436,good,98.2,,insufficient,0.0,9.575375,good,100.0,29.82988888888889,good,100.0,21.66547222222222,good,100.0,7.829569444444444,good,100.0,0.5558333333333333,good,100.0,23.225291666666667,good,100.0,2.6498611111111114,good,100.0,2.9481249999999997,good,100.0,2.0850416666666667,good,100.0,1.6690416666666668,good,100.0,0.9794861111111112,good,100.0,0.9874722222222222,good,100.0,161.30205555555554,good,100.0,41.491277777777775,good,100.0,23.65197222222222,good,100.0,250.3962222222222,good,100.0,736.672875,good,100.0,,no_data,0.0,,no_data,0.0,,no_data,0.0,,no_data,0.0,,no_data,0.0,,no_data,0.0,,no_data,0.0,,no_data,0.0,,no_data,0.0,,no_data,0.0,tier_1,9,2015,2023,1
Panchkula,Haryana,Haryana,2021,5,38.03338905775076,good,88.4,,insufficient,0.0,9.767047353760445,good,96.5,29.503551532033423,good,96.5,21.05093314763231,good,96.5,9.330208913649026,good,96.5,0.535676429567643,good,96.4,25.271378830083563,good,96.5,2.64491643454039,good,96.5,2.942548746518106,good,96.5,2.085292479108635,good,96.5,1.6670891364902507,good,96.5,0.9773119777158775,good,96.5,0.967876044568245,good,96.5,194.86274373259056,good,96.5,53.82385793871866,good,96.5,25.301545961002788,good,96.5,206.77446304044628,good,96.4,736.7120055710305,good,96.5,,no_data,0.0,,no_data,0.0,,no_data,0.0,,no_data,0.0,,no_data,0.0,,no_data,0.0,,no_data,0.0,,no_data,0.0,,no_data,0.0,,no_data,0.0,tier_1,9,2015,2023,1
Panchkula,Haryana,Haryana,2021,6,37.04631884057971,good,95.8,,insufficient,0.0,10.116333333333332,good,100.0,29.874125000000003,good,100.0,21.390902777777775,good,100.0,7.367468706536855,good,99.9,0.5696388888888889,good,100.0,23.955680555555556,good,100.0,2.6420416666666666,good,100.0,2.944847222222222,good,100.0,2.0833194444444443,good,100.0,1.665875,good,100.0,0.9757499999999999,good,100.0,0.8210694444444444,good,100.0,199.80443055555557,good,100.0,66.3733888888889,good,100.0,26.498375000000003,good,100.0,187.5840807799443,good,99.7,740.0987083333332,good,100.0,,no_data,0.0,,no_data,0.0,,no_data,0.0,,no_data,0.0,,no_data,0.0,,no_data,0.0,,no_data,0.0,,no_data,0.0,,no_data,0.0,,no_data,0.0,tier_1,9,2015,2023,1
Panchkula,Haryana,Haryana,2021,7,38.26091549295775,good,95.4,,insufficient,0.0,8.382861035422344,good,98.7,22.282861035422343,good,98.7,21.570572207084467,good,98.7,8.29057220708447,good,98.7,0.5573097826086957,good,98.9,35.788188010899184,good,98.7,2.46375,good,98.9,2.7344021739130437,good,98.9,1.8858423913043478,good,98.9,1.522459239130435,good,98.9,0.8636277173913044,good,98.9,0.8308559782608695,good,98.9,218.82572010869566,good,98.9,80.19414402173913,good,98.9,26.09625,good,98.9,227.96093023255816,good,98.3,744.4474592391304,good,98.9,,no_data,0.0,,no_data,0.0,,no_data,0.0,,no_data,0.0,,no_data,0.0,,no_data,0.0,,no_data,0.0,,no_data,0.0,,no_data,0.0,,no_data,0.0,tier_1,9,2015,2023,1
Panchkula,Haryana,Haryana,2021,8,33.17747352496218,good,88.8,,insufficient,0.0,9.261903409090909,good,94.6,18.39734375,good,94.6,23.23035511363636,good,94.6,7.493601147776183,good,93.7,0.5271306818181819,good,94.6,45.48259943181819,good,94.6,1.6484943181818181,good,94.6,1.7777698863636366,good,94.6,0.9799005681818183,good,94.6,0.8588210227272726,good,94.6,0.3491761363636364,good,94.6,0.7395312500000002,good,94.6,207.94504261363636,good,94.6,89.95517045454545,good,94.6,24.81654829545454,good,94.6,205.55421875,good,94.6,744.4868039772726,good,94.6,,no_data,0.0,,no_data,0.0,,no_data,0.0,,no_data,0.0,,no_data,0.0,,no_data,0.0,,no_data,0.0,,no_data,0.0,,no_data,0.0,,no_data,0.0,tier_1,9,2015,2023,1
Panchkula,Haryana,Haryana,2021,9,31.056933744221876,good,90.1,,insufficient,0.0,10.346731054977711,good,93.5,16.378959881129273,good,93.5,23.603150074294202,good,93.5,7.9560394537177554,good,91.5,0.7266220238095238,good,93.3,51.520683506686474,good,93.5,1.6463893016344724,good,93.5,1.7745913818722139,good,93.5,0.9788261515601783,good,93.5,0.857667161961367,good,93.5,0.3487964338781575,good,93.5,0.7075037147102526,good,93.5,219.29384843982172,good,93.5,88.66487369985141,good,93.5,24.10729569093611,good,93.5,140.95239227340267,good,93.5,743.4547845468054,good,93.5,,no_data,0.0,,no_data,0.0,,no_data,0.0,,no_data,0.0,,no_data,0.0,,no_data,0.0,,no_data,0.0,,no_data,0.0,,no_data,0.0,,no_data,0.0,tier_1,9,2015,2023,1
Panchkula,Haryana,Haryana,2021,10,52.63607692307692,good,87.4,,insufficient,0.0,10.543481595092024,good,87.6,16.469418070444107,good,87.8,23.561026033690656,good,87.8,6.518822605965465,good,85.6,0.4907515337423313,good,87.6,48.25473200612558,good,87.8,1.6666768759571209,good,87.8,1.8023889739663095,good,87.8,0.9659571209800919,good,87.8,0.8656508422664625,good,87.8,0.36586523736600307,good,87.8,1.1030781010719757,good,87.8,194.6734762633997,good,87.8,75.42614088820828,good,87.8,21.220750382848394,good,87.8,169.4825574272588,good,87.8,743.2261868300152,good,87.8,,no_data,0.0,,no_data,0.0,,no_data,0.0,,no_data,0.0,,no_data,0.0,,no_data,0.0,,no_data,0.0,,no_data,0.0,,no_data,0.0,,no_data,0.0,tier_1,9,2015,2023,1
Panchkula,Haryana,Haryana,2021,11,62.76797395079595,good,96.0,,insufficient,0.0,10.609407514450867,good,96.1,17.829335260115606,good,96.1,24.34684971098266,good,96.1,12.261454545454546,good,84.0,0.6327023121387284,good,96.1,25.42135838150289,good,96.1,0.8097109826589595,good,96.1,1.0340462427745665,good,96.1,0.4542774566473989,good,96.1,0.5285115606936416,good,96.1,0.4633815028901734,good,96.1,0.5838872832369941,good,96.1,198.52632947976878,good,96.1,63.177514450867044,good,96.1,16.455563583815028,good,96.1,105.23932080924854,good,96.1,742.6554190751446,good,96.1,,no_data,0.0,,no_data,0.0,,no_data,0.0,,no_data,0.0,,no_data,0.0,,no_data,0.0,,no_data,0.0,,no_data,0.0,,no_data,0.0,,no_data,0.0,tier_1,9,2015,2023,1
Panchkula,Haryana,Haryana,2021,12,73.73481132075472,good,99.7,,insufficient,0.0,11.638951612903226,good,100.0,16.313870967741938,good,100.0,26.692916666666665,good,100.0,20.4971964017991,good,89.7,0.32174731182795696,good,100.0,22.097567204301072,good,100.0,0.5311290322580645,good,100.0,0.9506720430107526,good,100.0,0.34946236559139787,good,100.0,0.6300672043010752,good,100.0,0.22993279569892472,good,100.0,0.9146908602150537,good,100.0,181.0883064516129,good,100.0,73.23412634408602,good,100.0,12.568763440860215,good,100.0,114.95059139784945,good,100.0,743.2775403225806,good,100.0,,no_data,0.0,,no_data,0.0,,no_data,0.0,,no_data,0.0,,no_data,0.0,,no_data,0.0,,no_data,0.0,,no_data,0.0,,no_data,0.0,,no_data,0.0,tier_1,9,2015,2023,1
Panchkula,Haryana,Haryana,2022,1,85.73874831763122,good,99.9,,insufficient,0.0,9.43207267833109,good,99.9,17.528896366083448,good,99.9,25.41557200538358,good,99.9,19.92935578330893,good,91.8,0.3561911170928667,good,99.9,24.44956931359354,good,99.9,0.7402018842530284,good,99.9,0.9345087483176311,good,99.9,2.1292597577388963,good,99.9,2.4597308209959627,good,99.9,0.3340242261103634,good,99.9,0.8334589502018842,good,99.9,169.23236877523553,good,99.9,91.14939434724091,good,99.9,10.877604306864065,good,99.9,62.26158815612382,good,99.9,743.4621938088828,good,99.9,,no_data,0.0,,no_data,0.0,,no_data,0.0,,no_data,0.0,,no_data,0.0,,no_data,0.0,,no_data,0.0,,no_data,0.0,,no_data,0.0,,no_data,0.0,tier_1,9,2015,2023,1
Panchkula,Haryana,Haryana,2022,2,58.37253067484662,good,97.0,,insufficient,0.0,7.990168711656442,good,97.0,19.329203675344566,good,97.2,25.372327718223584,good,97.2,25.587783417935704,good,87.9,0.33116385911179175,good,97.2,33.421500765696784,good,97.2,0.9293721286370598,good,97.2,0.9603369065849922,good,97.2,0.6323736600306278,good,97.2,0.4280857580398162,good,97.2,0.3234303215926493,good,97.2,1.5117534456355284,good,97.2,184.3943797856049,good,97.2,74.56563552833079,good,97.2,13.368223583460951,good,97.2,90.70206738131701,good,97.2,743.0271362940275,good,97.2,,no_data,0.0,,no_data,0.0,,no_data,0.0,,no_data,0.0,,no_data,0.0,,no_data,0.0,,no_data,0.0,,no_data,0.0,,no_data,0.0,,no_data,0.0,tier_1,9,2015,2023,1
Panchkula,Haryana,Haryana,2022,3,76.4160579710145,good,92.7,,insufficient,0.0,5.316096,good,84.0,23.45663987138264,good,83.6,24.533376,good,84.0,37.308780487804874,good,77.2,0.2705377906976744,good,92.5,32.62952034883721,good,92.5,0.9954637681159418,good,92.7,0.7025507246376812,good,92.7,0.9341159420289854,good,92.7,0.6773768115942029,good,92.7,0.5831884057971014,good,92.7,1.5917463768115943,good,92.7,166.49753623188406,good,92.7,61.84701449275363,good,92.7,21.337115942028987,good,92.7,124.1308115942029,good,92.7,742.172768115942,good,92.7,,no_data,0.0,,no_data,0.0,,no_data,0.0,,no_data,0.0,,no_data,0.0,,no_data,0.0,,no_data,0.0,,no_data,0.0,,no_data,0.0,,no_data,0.0,tier_1,9,2015,2023,1
Panchkula,Haryana,Haryana,2022,4,78.36434720229556,good,96.8,,insufficient,0.0,8.110300859598853,good,96.9,27.550372492836676,good,96.9,26.101575931232095,good,96.9,31.1637072243346,good,73.1,0.5265136298421808,good,96.8,30.170487804878046,good,96.8,1.1367194928684627,good,87.6,0.9170839936608559,good,87.6,0.7819334389857369,good,87.6,0.548985736925515,good,87.6,0.528256735340729,good,87.6,2.0434885386819484,good,96.9,181.90975644699142,good,96.9,39.29643266475645,good,96.9,26.43492836676218,good,96.9,103.7671346704871,good,96.9,741.4981088825216,good,96.9,,no_data,0.0,,no_data,0.0,,no_data,0.0,,no_data,0.0,,no_data,0.0,,no_data,0.0,,no_data,0.0,,no_data,0.0,,no_data,0.0,,no_data,0.0,tier_1,9,2015,2023,1
Panchkula,Haryana,Haryana,2022,5,72.34242339832869,good,96.5,,insufficient,0.0,9.332839838492598,good,99.9,25.94577388963661,good,99.9,23.980363391655455,good,99.9,8.955623987034036,good,82.9,0.28772237196765493,good,99.7,15.206280323450137,good,99.7,1.0027860026917899,good,99.9,1.0549663526244952,good,99.9,0.776056527590848,good,99.9,0.4807940780619112,good,99.9,0.30563930013458956,good,99.9,1.7543808882907135,good,99.9,219.39650067294752,good,99.9,51.51827725437416,good,99.9,27.25808882907133,good,99.9,139.06053835800807,good,99.9,742.6021803499327,good,99.9,,no_data,0.0,,no_data,0.0,,no_data,0.0,,no_data,0.0,,no_data,0.0,,no_data,0.0,,no_data,0.0,,no_data,0.0,,no_data,0.0,,no_data,0.0,tier_1,9,2015,2023,1
Panchkula,Haryana,Haryana,2022,6,59.92185393258427,good,98.9,,insufficient,0.0,8.476750000000001,good,100.0,24.47152990264256,good,99.9,22.38526388888889,good,100.0,4.806731448763251,good,78.6,0.5643750000000001,good,100.0,15.697444444444445,good,100.0,0.9501527777777778,good,100.0,1.0368055555555555,good,100.0,0.8081250000000002,good,100.0,0.5499861111111112,good,100.0,0.36297222222222225,good,100.0,1.1549513888888887,good,100.0,185.75449999999998,good,100.0,54.668597222222225,good,100.0,28.144916666666667,good,100.0,132.13602777777777,good,100.0,742.6718472222221,good,100.0,,no_data,0.0,,no_data,0.0,,no_data,0.0,,no_data,0.0,,no_data,0.0,,no_data,0.0,,no_data,0.0,,no_data,0.0,,no_data,0.0,,no_data,0.0,tier_1,9,2015,2023,1
Panchkula,Haryana,Haryana,2022,7,26.422772543741587,good,99.9,,insufficient,0.0,7.643337819650068,good,99.9,23.499528936742937,good,99.9,21.058775235531627,good,99.9,18.261750405186387,good,82.9,0.4463292847503374,good,99.6,14.481157469717362,good,99.9,0.942099596231494,good,99.9,1.0348452220726783,good,99.9,0.8132705248990578,good,99.9,0.5597981157469717,good,99.9,0.3715881561238224,good,99.9,0.443835800807537,good,99.9,233.72300134589503,good,99.9,87.6406729475101,good,99.9,25.336177658142663,good,99.9,171.63574525745256,good,99.2,744.9808479138627,good,99.9,,no_data,0.0,,no_data,0.0,,no_data,0.0,,no_data,0.0,,no_data,0.0,,no_data,0.0,,no_data,0.0,,no_data,0.0,,no_data,0.0,,no_data,0.0,tier_1,9,2015,2023,1
Panchkula,Haryana,Haryana,2022,8,25.9750346740638,good,96.9,,insufficient,0.0,7.6586522911051205,good,99.7,23.514724091520865,good,99.9,21.00650067294751,good,99.9,6.425798898071625,good,97.6,0.38698347107438014,good,97.6,14.40114401076716,good,99.9,0.9434051144010768,good,99.9,1.0317092866756392,good,99.9,0.8132570659488559,good,99.9,0.5591251682368775,good,99.9,0.37051144010767173,good,99.9,0.36829744279946164,good,99.9,217.3961507402423,good,99.9,87.99395693135936,good,99.9,25.385329744279947,good,99.9,106.1864199192463,good,99.9,743.9282907133244,good,99.9,,no_data,0.0,,no_data,0.0,,no_data,0.0,,no_data,0.0,,no_data,0.0,,no_data,0.0,,no_data,0.0,,no_data,0.0,,no_data,0.0,,no_data,0.0,tier_1,9,2015,2023,1
Panchkula,Haryana,Haryana,2022,9,26.668966049382714,good,90.0,,insufficient,0.0,7.644587412587412,good,99.3,23.529818181818182,good,99.3,21.05397202797203,good,99.3,6.78893525179856,good,96.5,0.6005314685314685,good,99.3,15.585119549929678,good,98.8,0.9415384615384617,good,99.3,1.0333006993006992,good,99.3,0.8123076923076923,good,99.3,0.5590909090909091,good,99.3,0.3704755244755245,good,99.3,0.42055244755244753,good,99.3,208.61795804195805,good,99.3,87.2547132867133,good,99.3,23.850377622377618,good,99.3,80.4433613445378,good,99.2,743.5134685314686,good,99.3,,no_data,0.0,,no_data,0.0,,no_data,0.0,,no_data,0.0,,no_data,0.0,,no_data,0.0,,no_data,0.0,,no_data,0.0,,no_data,0.0,,no_data,0.0,tier_1,9,2015,2023,1
Panchkula,Haryana,Haryana,2022,10,42.36892709766162,good,97.7,,insufficient,0.0,7.279637096774192,good,100.0,23.498642473118277,good,100.0,20.310915208613725,good,99.9,7.156615811373093,good,96.9,0.6368010752688171,good,100.0,19.05466397849462,good,100.0,0.9641263440860214,good,100.0,1.0150940860215054,good,100.0,0.7964199192462988,good,99.9,0.5735262449528936,good,99.9,0.363149394347241,good,99.9,0.6176312247644683,good,99.9,206.06882907133246,good,99.9,75.20835800807536,good,99.9,20.80916554508748,good,99.9,101.71502018842531,good,99.9,743.2045087483177,good,99.9,,no_data,0.0,,no_data,0.0,,no_data,0.0,,no_data,0.0,,no_data,0.0,,no_data,0.0,,no_data,0.0,,no_data,0.0,,no_data,0.0,,no_data,0.0,tier_1,9,2015,2023,1
Panchkula,Haryana,Haryana,2022,11,63.62233657858136,good,99.9,,insufficient,0.0,6.698609179415856,good,99.9,21.856578581363006,good,99.9,19.881821974965227,good,99.9,7.23998583569405,good,98.1,0.45554317548746515,good,99.7,22.37389429763561,good,99.9,1.1527196652719665,good,99.6,0.9608089260808927,good,99.6,0.7592737430167598,good,99.4,0.6246648044692737,good,99.4,0.32945544554455447,good,84.2,0.7849443671766342,good,99.9,187.59643949930464,good,99.9,70.32662030598053,good,99.9,16.797176634214185,good,99.9,44.68057023643949,good,99.9,742.1294993045897,good,99.9,,no_data,0.0,,no_data,0.0,,no_data,0.0,,no_data,0.0,,no_data,0.0,,no_data,0.0,,no_data,0.0,,no_data,0.0,,no_data,0.0,,no_data,0.0,tier_1,9,2015,2023,1
Panchkula,Haryana,Haryana,2022,12,79.36420838971584,good,99.3,,insufficient,0.0,7.9572702702702705,good,99.5,23.316972972972973,good,99.5,21.670081081081083,good,99.5,7.031353179972936,good,99.3,0.3702165087956698,good,99.3,24.487945945945942,good,99.5,1.054391891891892,good,99.5,1.0337972972972973,good,99.5,0.7886486486486485,good,99.5,0.6604324324324324,good,99.5,0.3450675675675675,good,99.5,1.1187364864864866,good,99.5,170.11495945945947,good,99.5,80.4628918918919,good,99.5,12.212932432432432,good,99.5,67.00531165311654,good,99.2,742.9777027027027,good,99.5,,no_data,0.0,,no_data,0.0,,no_data,0.0,,no_data,0.0,,no_data,0.0,,no_data,0.0,,no_data,0.0,,no_data,0.0,,no_data,0.0,,no_data,0.0,tier_1,9,2015,2023,1
Panchkula,Haryana,Haryana,2023,1,77.10194254445965,good,98.3,,insufficient,0.0,8.455443548387096,good,100.0,22.049057873485868,good,99.9,20.242930107526877,good,100.0,7.275668016194333,good,99.6,0.8897715053763441,good,100.0,22.260120967741933,good,100.0,1.0556720430107527,good,100.0,1.0330510752688173,good,100.0,0.7873790322580645,good,100.0,0.6589650537634409,good,100.0,0.3450940860215054,good,100.0,1.1405779569892471,good,100.0,161.40845430107524,good,100.0,87.19157258064516,good,100.0,10.499220430107526,good,100.0,45.04470430107527,good,100.0,743.0440860215054,good,100.0,,no_data,0.0,,no_data,0.0,,no_data,0.0,,no_data,0.0,,no_data,0.0,,no_data,0.0,,no_data,0.0,,no_data,0.0,,no_data,0.0,,no_data,0.0,tier_1,9,2015,2023,1
Panchkula,Haryana,Haryana,2023,2,49.84208064516129,good,92.3,,insufficient,0.0,8.623899082568808,good,97.3,21.625664122137405,good,97.5,19.789083969465647,good,97.5,9.384124031007753,good,96.0,1.3773282442748092,good,97.5,20.81624427480916,good,97.5,1.0510839694656486,good,97.5,1.0319541984732823,good,97.5,0.7876641221374046,good,97.5,0.6592519083969467,good,97.5,0.3457709923664122,good,97.5,0.5987480916030533,good,97.5,169.6074006116208,good,97.3,65.48316030534352,good,97.5,16.299618320610687,good,97.5,38.01111450381679,good,97.5,741.8278320610686,good,97.5,,no_data,0.0,,no_data,0.0,,no_data,0.0,,no_data,0.0,,no_data,0.0,,no_data,0.0,,no_data,0.0,,no_data,0.0,,no_data,0.0,,no_data,0.0,tier_1,9,2015,2023,1
Panchkula,Haryana,Haryana,2023,3,41.53713704206242,good,99.1,,insufficient,0.0,8.261078167115903,good,99.7,20.923041722745626,good,99.9,20.10900269541779,good,99.7,8.056523605150215,good,94.0,1.8252964959568732,good,99.7,21.074636118598384,good,99.7,1.035822102425876,good,99.7,1.0236522911051211,good,99.7,0.7881266846361186,good,99.7,0.6674932614555256,good,99.7,0.3538140161725067,good,99.7,1.169811320754717,good,99.7,164.92659029649596,good,99.7,65.71956873315364,good,99.7,18.9205525606469,good,99.7,73.06629380053909,good,99.7,742.3503504043127,good,99.7,,no_data,0.0,,no_data,0.0,,no_data,0.0,,no_data,0.0,,no_data,0.0,,no_data,0.0,,no_data,0.0,,no_data,0.0,,no_data,0.0,,no_data,0.0,tier_1,9,2015,2023,1
