city,state,state_original,year,month,PM2.5 (ug/m3)_mean,PM2.5 (ug/m3)_flag,PM2.5 (ug/m3)_coverage_pct,PM10 (ug/m3)_mean,PM10 (ug/m3)_flag,PM10 (ug/m3)_coverage_pct,NO2 (ug/m3)_mean,NO2 (ug/m3)_flag,NO2 (ug/m3)_coverage_pct,NOx (ppb)_mean,NOx (ppb)_flag,NOx (ppb)_coverage_pct,SO2 (ug/m3)_mean,SO2 (ug/m3)_flag,SO2 (ug/m3)_coverage_pct,CO (mg/m3)_mean,CO (mg/m3)_flag,CO (mg/m3)_coverage_pct,NH3 (ug/m3)_mean,NH3 (ug/m3)_flag,NH3 (ug/m3)_coverage_pct,Ozone (ug/m3)_mean,Ozone (ug/m3)_flag,Ozone (ug/m3)_coverage_pct,Benzene (ug/m3)_mean,Benzene (ug/m3)_flag,Benzene (ug/m3)_coverage_pct,Toluene (ug/m3)_mean,Toluene (ug/m3)_flag,Toluene (ug/m3)_coverage_pct,Eth-Benzene (ug/m3)_mean,Eth-Benzene (ug/m3)_flag,Eth-Benzene (ug/m3)_coverage_pct,WS (m/s)_mean,WS (m/s)_flag,WS (m/s)_coverage_pct,WD (degree)_mean,WD (degree)_flag,WD (degree)_coverage_pct,RH (%)_mean,RH (%)_flag,RH (%)_coverage_pct,AT (degree C)_mean,AT (degree C)_flag,AT (degree C)_coverage_pct,SR (W/mt2)_mean,SR (W/mt2)_flag,SR (W/mt2)_coverage_pct,RF (mm)_mean,RF (mm)_flag,RF (mm)_coverage_pct,NO (ug/m3)_mean,NO (ug/m3)_flag,NO (ug/m3)_coverage_pct,MP-Xylene (ug/m3)_mean,MP-Xylene (ug/m3)_flag,MP-Xylene (ug/m3)_coverage_pct,O Xylene (ug/m3)_mean,O Xylene (ug/m3)_flag,O Xylene (ug/m3)_coverage_pct,Xylene (ug/m3)_mean,Xylene (ug/m3)_flag,Xylene (ug/m3)_coverage_pct,BP (mmHg)_mean,BP (mmHg)_flag,BP (mmHg)_coverage_pct,CH4 (ug/m3)_mean,CH4 (ug/m3)_flag,CH4 (ug/m3)_coverage_pct,NMHC (ug/m3)_mean,NMHC (ug/m3)_flag,NMHC (ug/m3)_coverage_pct,THC (ug/m3)_mean,THC (ug/m3)_flag,THC (ug/m3)_coverage_pct,CO2 (mg/m3)_mean,CO2 (mg/m3)_flag,CO2 (mg/m3)_coverage_pct,HCHO (ug/m3)_mean,HCHO (ug/m3)_flag,HCHO (ug/m3)_coverage_pct,Hg (ug/m3)_mean,Hg (ug/m3)_flag,Hg (ug/m3)_coverage_pct,SPM (ug/m3)_mean,SPM (ug/m3)_flag,SPM (ug/m3)_coverage_pct,data_quality_tier,actual_data_years,data_first_year,data_last_year,n_stations
Ujjain,Madhya Pradesh,Madhya Pradesh,2017,2,,insufficient,0.0,,insufficient,0.0,,insufficient,0.0,,insufficient,0.0,,insufficient,0.0,,insufficient,0.0,,insufficient,0.0,,insufficient,0.0,,insufficient,0.0,,insufficient,0.0,,insufficient,0.0,,insufficient,0.0,,insufficient,0.0,,insufficient,0.0,,insufficient,0.0,,insufficient,0.0,,insufficient,0.0,,no_data,0.0,,no_data,0.0,,no_data,0.0,,no_data,0.0,,no_data,0.0,,no_data,0.0,,no_data,0.0,,no_data,0.0,,no_data,0.0,,no_data,0.0,,no_data,0.0,,no_data,0.0,tier_2,7,2017,2023,1
Ujjain,Madhya Pradesh,Madhya Pradesh,2017,3,,insufficient,0.0,,insufficient,0.0,,insufficient,0.0,,insufficient,0.0,,insufficient,0.0,,insufficient,0.0,,insufficient,0.0,,insufficient,0.0,,insufficient,0.0,,insufficient,0.0,,insufficient,0.0,,insufficient,0.0,,insufficient,0.0,,insufficient,0.0,,insufficient,0.0,,insufficient,0.0,,insufficient,0.0,,no_data,0.0,,no_data,0.0,,no_data,0.0,,no_data,0.0,,no_data,0.0,,no_data,0.0,,no_data,0.0,,no_data,0.0,,no_data,0.0,,no_data,0.0,,no_data,0.0,,no_data,0.0,tier_2,7,2017,2023,1
Ujjain,Madhya Pradesh,Madhya Pradesh,2017,4,,insufficient,0.0,,insufficient,0.0,,insufficient,0.0,,insufficient,0.0,,insufficient,0.0,,insufficient,0.0,,insufficient,0.0,,insufficient,0.0,,insufficient,0.0,,insufficient,0.0,,insufficient,0.0,,insufficient,0.0,,insufficient,0.0,,insufficient,0.0,,insufficient,0.0,,insufficient,0.0,,insufficient,0.0,,no_data,0.0,,no_data,0.0,,no_data,0.0,,no_data,0.0,,no_data,0.0,,no_data,0.0,,no_data,0.0,,no_data,0.0,,no_data,0.0,,no_data,0.0,,no_data,0.0,,no_data,0.0,tier_2,7,2017,2023,1
Ujjain,Madhya Pradesh,Madhya Pradesh,2017,5,,insufficient,0.0,,insufficient,0.0,,insufficient,0.0,,insufficient,0.0,,insufficient,0.0,,insufficient,0.0,,insufficient,0.0,,insufficient,0.0,,insufficient,0.0,,insufficient,0.0,,insufficient,0.0,,insufficient,0.0,,insufficient,0.0,,insufficient,0.0,,insufficient,0.0,,insufficient,0.0,,insufficient,0.0,,no_data,0.0,,no_data,0.0,,no_data,0.0,,no_data,0.0,,no_data,0.0,,no_data,0.0,,no_data,0.0,,no_data,0.0,,no_data,0.0,,no_data,0.0,,no_data,0.0,,no_data,0.0,tier_2,7,2017,2023,1
Ujjain,Madhya Pradesh,Madhya Pradesh,2017,6,,insufficient,0.0,,insufficient,0.0,,insufficient,0.0,,insufficient,0.0,,insufficient,0.0,,insufficient,0.0,,insufficient,0.0,,insufficient,0.0,,insufficient,0.0,,insufficient,0.0,,insufficient,0.0,,insufficient,0.0,,insufficient,0.0,,insufficient,0.0,,insufficient,0.0,,insufficient,0.0,,insufficient,0.0,,no_data,0.0,,no_data,0.0,,no_data,0.0,,no_data,0.0,,no_data,0.0,,no_data,0.0,,no_data,0.0,,no_data,0.0,,no_data,0.0,,no_data,0.0,,no_data,0.0,,no_data,0.0,tier_2,7,2017,2023,1
Ujjain,Madhya Pradesh,Madhya Pradesh,2017,7,,insufficient,0.0,,insufficient,0.0,,insufficient,0.0,,insufficient,0.0,,insufficient,0.0,,insufficient,0.0,,insufficient,0.0,,insufficient,0.0,,insufficient,0.0,,insufficient,0.0,,insufficient,0.0,,insufficient,0.0,,insufficient,0.0,,insufficient,0.0,,insufficient,0.0,,insufficient,0.0,,insufficient,0.0,,no_data,0.0,,no_data,0.0,,no_data,0.0,,no_data,0.0,,no_data,0.0,,no_data,0.0,,no_data,0.0,,no_data,0.0,,no_data,0.0,,no_data,0.0,,no_data,0.0,,no_data,0.0,tier_2,7,2017,2023,1
Ujjain,Madhya Pradesh,Madhya Pradesh,2017,8,,insufficient,0.0,,insufficient,0.0,,insufficient,0.0,,insufficient,0.0,,insufficient,0.0,,insufficient,0.0,,insufficient,0.0,,insufficient,0.0,,insufficient,0.0,,insufficient,0.0,,insufficient,0.0,,insufficient,0.0,,insufficient,0.0,,insufficient,0.0,,insufficient,0.0,,insufficient,0.0,,insufficient,0.0,,no_data,0.0,,no_data,0.0,,no_data,0.0,,no_data,0.0,,no_data,0.0,,no_data,0.0,,no_data,0.0,,no_data,0.0,,no_data,0.0,,no_data,0.0,,no_data,0.0,,no_data,0.0,tier_2,7,2017,2023,1
Ujjain,Madhya Pradesh,Madhya Pradesh,2017,9,,insufficient,0.0,,insufficient,0.0,,insufficient,0.0,,insufficient,0.0,,insufficient,0.0,,insufficient,0.0,,insufficient,0.0,,insufficient,0.0,,insufficient,0.0,,insufficient,0.0,,insufficient,0.0,,insufficient,0.0,,insufficient,0.0,,insufficient,0.0,,insufficient,0.0,,insufficient,0.0,,insufficient,0.0,,no_data,0.0,,no_data,0.0,,no_data,0.0,,no_data,0.0,,no_data,0.0,,no_data,0.0,,no_data,0.0,,no_data,0.0,,no_data,0.0,,no_data,0.0,,no_data,0.0,,no_data,0.0,tier_2,7,2017,2023,1
Ujjain,Madhya Pradesh,Madhya Pradesh,2017,10,,insufficient,0.0,,insufficient,0.0,,insufficient,0.0,,insufficient,0.0,,insufficient,0.0,,insufficient,0.0,,insufficient,0.0,,insufficient,0.0,,insufficient,0.0,,insufficient,0.0,,insufficient,0.0,,insufficient,0.0,,insufficient,0.0,,insufficient,0.0,,insufficient,0.0,,insufficient,0.0,,insufficient,0.0,,no_data,0.0,,no_data,0.0,,no_data,0.0,,no_data,0.0,,no_data,0.0,,no_data,0.0,,no_data,0.0,,no_data,0.0,,no_data,0.0,,no_data,0.0,,no_data,0.0,,no_data,0.0,tier_2,7,2017,2023,1
Ujjain,Madhya Pradesh,Madhya Pradesh,2017,11,96.61203619909503,sparse,30.7,175.63497737556563,sparse,30.7,41.22692307692308,sparse,30.7,37.71909502262444,sparse,30.7,8.41262910798122,sparse,29.6,1.7644343891402714,sparse,30.7,42.64334841628959,sparse,30.7,38.86823255813953,sparse,29.9,0.6640723981900454,sparse,30.7,58.80493212669683,sparse,30.7,0.9294258373205742,sparse,29.0,1.627737556561086,sparse,30.7,128.86918552036198,sparse,30.7,48.43398190045249,sparse,30.7,26.39841628959276,sparse,30.7,85.90950226244344,sparse,30.7,0.0,sparse,30.7,,no_data,0.0,,no_data,0.0,,no_data,0.0,,no_data,0.0,,no_data,0.0,,no_data,0.0,,no_data,0.0,,no_data,0.0,,no_data,0.0,,no_data,0.0,,no_data,0.0,,no_data,0.0,tier_2,7,2017,2023,1
Ujjain,Madhya Pradesh,Madhya Pradesh,2017,12,99.34076379066478,good,95.0,170.18138418079096,good,95.2,30.6158041958042,good,96.1,20.59791899441341,good,96.2,15.21175388967468,good,95.0,1.409622905027933,good,96.2,40.30997202797203,good,96.1,73.87725105189341,good,95.8,0.39253182461103253,good,95.0,34.53434229137199,good,95.0,0.5165595463137996,good,71.1,2.219776536312849,good,96.2,108.66293296089385,good,96.2,56.54655027932961,good,96.2,25.679497206703907,good,96.2,77.34238826815643,good,96.2,0.00223463687150838,good,96.2,,no_data,0.0,,no_data,0.0,,no_data,0.0,,no_data,0.0,,no_data,0.0,,no_data,0.0,,no_data,0.0,,no_data,0.0,,no_data,0.0,,no_data,0.0,,no_data,0.0,,no_data,0.0,tier_2,7,2017,2023,1
Ujjain,Madhya Pradesh,Madhya Pradesh,2018,1,100.6312824427481,good,88.0,179.19128787878788,good,88.7,34.1422652757079,good,90.2,24.774858420268256,good,90.2,14.910953800298062,good,90.2,1.966777108433735,good,89.2,43.997451564828616,good,90.2,73.58217585692995,good,90.2,0.40573353293413167,good,89.8,18.132185628742516,good,89.8,0.5471958762886598,good,65.2,1.7249925484351714,good,90.2,150.06394932935916,good,90.2,50.29581222056632,good,90.2,25.085469448584206,good,90.2,92.4606259314456,good,90.2,0.0,good,90.2,,no_data,0.0,,no_data,0.0,,no_data,0.0,,no_data,0.0,,no_data,0.0,,no_data,0.0,,no_data,0.0,,no_data,0.0,,no_data,0.0,,no_data,0.0,,no_data,0.0,,no_data,0.0,tier_2,7,2017,2023,1
Ujjain,Madhya Pradesh,Madhya Pradesh,2018,2,65.43563988095238,good,100.0,154.83035714285714,good,100.0,26.075952380952383,good,100.0,18.881309523809524,good,100.0,11.156716417910447,good,99.7,1.229077380952381,good,100.0,40.12052083333333,good,100.0,81.11604477611941,good,99.7,0.2549392097264438,good,97.9,9.353510638297873,good,97.9,0.9757615894039735,good,89.9,1.9735416666666667,good,100.0,153.52580357142855,good,100.0,43.10863095238095,good,100.0,25.274337797619047,good,100.0,102.655625,good,100.0,0.00017857142857142857,good,100.0,,no_data,0.0,,no_data,0.0,,no_data,0.0,,no_data,0.0,,no_data,0.0,,no_data,0.0,,no_data,0.0,,no_data,0.0,,no_data,0.0,,no_data,0.0,,no_data,0.0,,no_data,0.0,tier_2,7,2017,2023,1
Ujjain,Madhya Pradesh,Madhya Pradesh,2018,3,57.60478436657682,good,99.7,148.0750269541779,good,99.7,21.733266129032256,good,100.0,14.157970430107525,good,100.0,9.763319727891156,good,98.8,0.9151886792452829,good,99.7,36.678655913978496,good,100.0,95.23917900403768,good,99.9,0.17893530997304583,good,99.7,6.360363881401618,good,99.7,0.45852691218130315,good,94.9,2.3280510752688173,good,100.0,184.1655510752688,good,100.0,26.930443548387096,good,100.0,27.57815860215054,good,100.0,123.05264784946236,good,100.0,0.0004032258064516129,good,100.0,,no_data,0.0,,no_data,0.0,,no_data,0.0,,no_data,0.0,,no_data,0.0,,no_data,0.0,,no_data,0.0,,no_data,0.0,,no_data,0.0,,no_data,0.0,,no_data,0.0,,no_data,0.0,tier_2,7,2017,2023,1
Ujjain,Madhya Pradesh,Madhya Pradesh,2018,4,54.3555944055944,good,99.3,158.40723076923078,good,99.3,15.089155937052933,good,97.1,8.806022889842632,good,97.1,10.607346368715085,good,99.4,0.7885834502103787,good,99.0,28.32483547925608,good,97.1,94.10104748603352,good,99.4,0.14994382022471914,good,98.9,5.348873239436619,good,98.6,0.6286770981507824,good,97.6,2.9860474860335198,good,99.4,221.6994972067039,good,99.4,22.292374301675977,good,99.4,31.80125698324022,good,99.4,147.88093575418995,good,99.4,6.983240223463688e-05,good,99.4,,no_data,0.0,,no_data,0.0,,no_data,0.0,,no_data,0.0,,no_data,0.0,,no_data,0.0,,no_data,0.0,,no_data,0.0,,no_data,0.0,,no_data,0.0,,no_data,0.0,,no_data,0.0,tier_2,7,2017,2023,1
Ujjain,Madhya Pradesh,Madhya Pradesh,2018,5,79.34645205479453,good,98.1,175.0321904761905,good,98.8,7.5230695770804905,good,98.5,4.579849931787177,good,98.5,10.755251700680272,good,98.8,0.6322608695652174,good,92.7,25.036425648021826,good,98.5,94.25690340909091,good,94.6,0.6089211618257262,good,97.2,5.067445887445887,good,93.1,1.406308724832215,good,80.1,3.8992789115646262,good,98.8,255.7360680272109,good,98.8,25.200231292517003,good,98.8,33.43381632653061,good,98.8,152.1001088435374,good,98.8,0.0,good,98.8,,no_data,0.0,,no_data,0.0,,no_data,0.0,,no_data,0.0,,no_data,0.0,,no_data,0.0,,no_data,0.0,,no_data,0.0,,no_data,0.0,,no_data,0.0,,no_data,0.0,,no_data,0.0,tier_2,7,2017,2023,1
Ujjain,Madhya Pradesh,Madhya Pradesh,2018,6,34.54940027894003,good,99.6,121.7441980474198,good,99.6,8.575871687587169,good,99.6,5.273709902370991,good,99.6,6.5951675977653625,good,99.4,0.8318777292576419,good,95.4,22.511492329149235,good,99.6,77.63037656903767,good,99.6,0.03569037656903766,good,99.6,2.300181311018131,good,99.6,0.07387096774193548,sparse,34.4,5.431896792189679,good,99.6,242.8413528591353,good,99.6,57.908661087866115,good,99.6,32.97754532775453,good,99.6,119.98232914923291,good,99.6,0.021994421199442123,good,99.6,,no_data,0.0,,no_data,0.0,,no_data,0.0,,no_data,0.0,,no_data,0.0,,no_data,0.0,,no_data,0.0,,no_data,0.0,,no_data,0.0,,no_data,0.0,,no_data,0.0,,no_data,0.0,tier_2,7,2017,2023,1
Ujjain,Madhya Pradesh,Madhya Pradesh,2018,7,23.632520215633427,good,99.7,56.88431451612903,good,100.0,3.846720430107527,good,100.0,2.9350000000000005,good,100.0,3.5642679558011046,good,97.3,0.4364546684709066,good,99.3,20.49096774193548,good,100.0,60.90970430107526,good,100.0,0.010658602150537634,good,100.0,2.7298655913978496,good,100.0,,insufficient,15.7,4.758965053763441,good,100.0,254.64370967741934,good,100.0,83.09665322580646,good,100.0,31.739576612903225,good,100.0,65.87969086021505,good,100.0,0.1491532258064516,good,100.0,,no_data,0.0,,no_data,0.0,,no_data,0.0,,no_data,0.0,,no_data,0.0,,no_data,0.0,,no_data,0.0,,no_data,0.0,,no_data,0.0,,no_data,0.0,,no_data,0.0,,no_data,0.0,tier_2,7,2017,2023,1
Ujjain,Madhya Pradesh,Madhya Pradesh,2018,8,23.802452830188678,good,99.7,74.99989247311828,good,100.0,4.3089784946236565,good,100.0,3.2762903225806452,good,100.0,4.5597173620457605,good,99.9,0.370739247311828,good,100.0,23.999435483870972,good,100.0,46.12116935483871,good,100.0,0.005336021505376345,good,100.0,2.5224327956989248,good,100.0,,insufficient,7.4,4.696290322580645,good,100.0,255.0840188172043,good,100.0,83.98689516129032,good,100.0,29.569442204301076,good,100.0,64.35506720430108,good,100.0,0.05583333333333333,good,100.0,,no_data,0.0,,no_data,0.0,,no_data,0.0,,no_data,0.0,,no_data,0.0,,no_data,0.0,,no_data,0.0,,no_data,0.0,,no_data,0.0,,no_data,0.0,,no_data,0.0,,no_data,0.0,tier_2,7,2017,2023,1
Ujjain,Madhya Pradesh,Madhya Pradesh,2018,9,25.498137108792847,good,93.2,74.93164933135215,good,93.5,7.77967261904762,good,93.3,5.128348214285714,good,93.3,4.395680119581465,good,92.9,0.5438059701492538,good,93.1,21.57857142857143,good,93.3,65.15713649851632,good,93.6,0.030000000000000002,good,93.6,2.3111424332344215,good,93.6,,insufficient,19.9,3.469406528189911,good,93.6,228.08060830860538,good,93.6,73.4936943620178,good,93.6,29.383078635014837,good,93.6,87.93483679525222,good,93.6,0.03526706231454006,good,93.6,,no_data,0.0,,no_data,0.0,,no_data,0.0,,no_data,0.0,,no_data,0.0,,no_data,0.0,,no_data,0.0,,no_data,0.0,,no_data,0.0,,no_data,0.0,,no_data,0.0,,no_data,0.0,tier_2,7,2017,2023,1
Ujjain,Madhya Pradesh,Madhya Pradesh,2018,10,53.110539083557946,good,99.7,139.03448787061996,good,99.7,20.719730094466936,good,99.6,12.633144399460189,good,99.6,7.44131081081081,good,99.5,0.710418918918919,good,99.5,28.403886639676113,good,99.6,84.90817567567566,good,99.5,0.0793974175035868,good,93.7,1.969454806312769,good,93.7,0.10266540642722118,good,71.1,1.72766846361186,good,99.7,162.50660377358489,good,99.7,40.905902964959566,good,99.7,30.268429919137464,good,99.7,107.78067385444743,good,99.7,0.0,good,99.7,,no_data,0.0,,no_data,0.0,,no_data,0.0,,no_data,0.0,,no_data,0.0,,no_data,0.0,,no_data,0.0,,no_data,0.0,,no_data,0.0,,no_data,0.0,,no_data,0.0,,no_data,0.0,tier_2,7,2017,2023,1
Ujjain,Madhya Pradesh,Madhya Pradesh,2018,11,95.95958083832335,good,92.8,185.48723723723722,good,92.5,36.21437967115097,good,92.9,24.83204783258595,good,92.9,9.306431784107945,good,92.6,1.087462235649547,good,91.9,32.21176382660688,good,92.9,75.85820872274144,good,89.2,0.09750746268656717,good,93.1,1.3449701492537314,good,93.1,0.15213279678068414,good,69.0,1.2210149253731342,good,93.1,132.42150746268658,good,93.1,47.4463880597015,good,93.1,28.23721641791045,good,93.1,97.92095166163142,good,91.9,0.0,good,93.1,,no_data,0.0,,no_data,0.0,,no_data,0.0,,no_data,0.0,,no_data,0.0,,no_data,0.0,,no_data,0.0,,no_data,0.0,,no_data,0.0,,no_data,0.0,,no_data,0.0,,no_data,0.0,tier_2,7,2017,2023,1
Ujjain,Madhya Pradesh,Madhya Pradesh,2018,12,87.33826379542396,good,99.9,159.6108209959623,good,99.9,34.81650067294751,good,99.9,21.542584118438764,good,99.9,9.585216216216216,good,99.5,1.0271870794078062,good,99.9,25.0764333781965,good,99.9,83.40976933514247,good,99.1,0.07476446837146702,good,99.9,0.8111978465679678,good,99.9,0.09373239436619718,sparse,38.2,1.7212247644683716,good,99.9,113.59534320323014,good,99.9,52.37515477792732,good,99.9,26.835087483176313,good,99.9,84.2614401076716,good,99.9,0.0,good,99.9,,no_data,0.0,,no_data,0.0,,no_data,0.0,,no_data,0.0,,no_data,0.0,,no_data,0.0,,no_data,0.0,,no_data,0.0,,no_data,0.0,,no_data,0.0,,no_data,0.0,,no_data,0.0,tier_2,7,2017,2023,1
Ujjain,Madhya Pradesh,Madhya Pradesh,2019,1,89.24719495091163,good,95.8,169.6983960948396,good,96.4,36.179203910614525,good,96.2,24.3322905027933,good,96.2,7.2971468531468515,good,96.1,1.0693398876404494,good,95.7,27.941410614525143,good,96.2,72.20487394957983,good,96.0,0.06333333333333332,good,96.4,0.6423988842398884,good,96.4,0.09751196172248805,sparse,28.1,2.079972067039106,good,96.2,126.27037709497206,good,96.2,52.05261173184357,good,96.2,26.63191340782123,good,96.2,84.86836592178771,good,96.2,0.0,good,96.2,,no_data,0.0,,no_data,0.0,,no_data,0.0,,no_data,0.0,,no_data,0.0,,no_data,0.0,,no_data,0.0,,no_data,0.0,,no_data,0.0,,no_data,0.0,,no_data,0.0,,no_data,0.0,tier_2,7,2017,2023,1
Ujjain,Madhya Pradesh,Madhya Pradesh,2019,2,55.294999999999995,good,97.0,139.31645705521473,good,97.0,28.544674457429046,good,89.1,16.658163606010017,good,89.1,11.13125382262997,good,97.3,0.7413251155624037,good,96.6,19.656577629382305,good,89.1,80.56285496183206,good,97.5,0.01879389312977099,good,97.5,0.5494961832061068,good,97.5,,insufficient,10.7,2.438885496183206,good,97.5,168.40319083969464,good,97.5,46.287419847328245,good,97.5,26.977259541984736,good,97.5,98.26412213740458,good,97.5,7.633587786259542e-05,good,97.5,,no_data,0.0,,no_data,0.0,,no_data,0.0,,no_data,0.0,,no_data,0.0,,no_data,0.0,,no_data,0.0,,no_data,0.0,,no_data,0.0,,no_data,0.0,,no_data,0.0,,no_data,0.0,tier_2,7,2017,2023,1
Ujjain,Madhya Pradesh,Madhya Pradesh,2019,3,45.37470827679783,good,99.1,138.59848032564452,good,99.1,24.30014925373134,good,99.1,14.869579375848033,good,99.1,8.368621621621623,good,99.5,0.7490489130434782,good,98.9,24.613514246947084,good,99.1,78.73113667117727,good,99.3,0.010364864864864865,good,99.5,0.7757162162162162,good,99.5,,insufficient,6.0,1.8122837837837837,good,99.5,176.56958108108108,good,99.5,31.697527027027025,good,99.5,29.398567567567564,good,99.5,127.36858108108108,good,99.5,0.0,good,99.5,,no_data,0.0,,no_data,0.0,,no_data,0.0,,no_data,0.0,,no_data,0.0,,no_data,0.0,,no_data,0.0,,no_data,0.0,,no_data,0.0,,no_data,0.0,,no_data,0.0,,no_data,0.0,tier_2,7,2017,2023,1
Ujjain,Madhya Pradesh,Madhya Pradesh,2019,4,52.273114285714286,good,97.2,139.43,good,97.2,13.798706896551726,good,96.7,8.903031609195402,good,96.7,8.627144906743187,good,96.8,0.7248773448773449,good,96.2,30.415502873563216,good,96.7,83.24677142857142,good,97.2,0.00613960113960114,good,97.5,0.7986894586894587,good,97.5,,insufficient,1.4,2.703917378917379,good,97.5,218.21012820512823,good,97.5,23.1705698005698,good,97.5,32.60832621082621,good,97.5,139.98136752136753,good,97.5,0.001282051282051282,good,97.5,,no_data,0.0,,no_data,0.0,,no_data,0.0,,no_data,0.0,,no_data,0.0,,no_data,0.0,,no_data,0.0,,no_data,0.0,,no_data,0.0,,no_data,0.0,,no_data,0.0,,no_data,0.0,tier_2,7,2017,2023,1
Ujjain,Madhya Pradesh,Madhya Pradesh,2019,5,32.351983122362874,good,95.6,144.72,good,95.2,7.039791376912378,good,96.6,4.438831710709318,good,96.6,6.930346740638003,good,96.9,0.664516129032258,good,95.8,18.490403337969404,good,96.6,83.71609418282549,good,97.0,0.05378453038674033,good,97.3,0.710939226519337,good,97.3,,insufficient,0.0,3.866118784530387,good,97.3,252.37132596685083,good,97.3,27.427831491712706,good,97.3,33.65051104972376,good,97.3,145.02324585635358,good,97.3,0.0019337016574585634,good,97.3,,no_data,0.0,,no_data,0.0,,no_data,0.0,,no_data,0.0,,no_data,0.0,,no_data,0.0,,no_data,0.0,,no_data,0.0,,no_data,0.0,,no_data,0.0,,no_data,0.0,,no_data,0.0,tier_2,7,2017,2023,1
Ujjain,Madhya Pradesh,Madhya Pradesh,2019,6,26.1301756954612,good,94.9,93.77660322108345,good,94.9,7.430923295454545,good,97.8,4.805298295454546,good,97.8,4.366099290780142,good,97.9,0.731055634807418,good,97.4,23.954630681818184,good,97.8,88.46275177304965,good,97.9,0.000594900849858357,good,98.1,0.6664872521246459,good,98.1,,insufficient,0.0,4.24157223796034,good,98.1,244.5507790368272,good,98.1,51.2478895184136,good,98.1,33.49084985835694,good,98.1,126.87145892351275,good,98.1,0.019886685552407933,good,98.1,,no_data,0.0,,no_data,0.0,,no_data,0.0,,no_data,0.0,,no_data,0.0,,no_data,0.0,,no_data,0.0,,no_data,0.0,,no_data,0.0,,no_data,0.0,,no_data,0.0,,no_data,0.0,tier_2,7,2017,2023,1
Ujjain,Madhya Pradesh,Madhya Pradesh,2019,7,17.647119341563787,good,98.0,49.47093622795116,good,99.1,5.982054054054053,good,99.5,4.124594594594594,good,99.5,3.149311740890688,good,99.6,0.7263967611336032,good,99.6,24.182486486486482,good,99.5,63.860769230769236,good,99.6,4.048582995951417e-05,good,99.6,0.549919028340081,good,99.6,,insufficient,0.0,4.783589743589744,good,99.6,240.0041565452092,good,99.6,73.97526315789473,good,99.6,30.031720647773277,good,99.6,91.04880434782608,good,98.9,0.09427800269905533,good,99.6,,no_data,0.0,,no_data,0.0,,no_data,0.0,,no_data,0.0,,no_data,0.0,,no_data,0.0,,no_data,0.0,,no_data,0.0,,no_data,0.0,,no_data,0.0,,no_data,0.0,,no_data,0.0,tier_2,7,2017,2023,1
Ujjain,Madhya Pradesh,Madhya Pradesh,2019,8,20.690165061898213,good,97.7,43.13214681440443,good,97.0,5.066236559139784,good,100.0,3.723790322580645,good,100.0,6.790201884253028,good,99.9,0.709661705006766,good,99.3,19.100282258064517,good,100.0,41.30283602150537,good,100.0,0.02021592442645074,good,99.6,1.2784750337381916,good,99.6,,insufficient,8.6,3.7711424731182794,good,100.0,251.533373655914,good,100.0,85.9982123655914,good,100.0,28.598823924731178,good,100.0,61.69747311827957,good,100.0,0.16412634408602153,good,100.0,,no_data,0.0,,no_data,0.0,,no_data,0.0,,no_data,0.0,,no_data,0.0,,no_data,0.0,,no_data,0.0,,no_data,0.0,,no_data,0.0,,no_data,0.0,,no_data,0.0,,no_data,0.0,tier_2,7,2017,2023,1
Ujjain,Madhya Pradesh,Madhya Pradesh,2019,9,17.824830028328613,good,98.1,33.33038243626062,good,98.1,8.181104815864023,good,98.1,5.756558073654392,good,98.1,8.562096317280453,good,98.1,0.849298998569385,good,97.1,21.626614730878185,good,98.1,46.8585269121813,good,98.1,0.28845609065155814,good,98.1,7.684830028328611,good,98.1,0.18897163120567378,good,78.3,2.714546742209632,good,98.1,208.89906515580736,good,98.1,84.50117563739377,good,98.1,29.10196175637394,good,98.1,61.69487252124646,good,98.1,0.13947592067988668,good,98.1,,no_data,0.0,,no_data,0.0,,no_data,0.0,,no_data,0.0,,no_data,0.0,,no_data,0.0,,no_data,0.0,,no_data,0.0,,no_data,0.0,,no_data,0.0,,no_data,0.0,,no_data,0.0,tier_2,7,2017,2023,1
Ujjain,Madhya Pradesh,Madhya Pradesh,2019,10,49.10050477489768,good,98.5,81.0539419087137,good,97.2,16.651610284167795,good,99.3,9.995669824086605,good,99.3,4.773937753721245,good,99.3,0.7847967479674798,good,99.2,26.58273342354533,good,99.3,65.96533783783784,good,99.5,0.3840135135135135,good,99.5,6.784675675675675,good,99.5,0.3353129346314325,good,96.6,1.769581081081081,good,99.5,129.91575675675676,good,99.5,64.24605405405406,good,99.5,28.55322972972973,good,99.5,90.75517567567567,good,99.5,0.02574324324324324,good,99.5,,no_data,0.0,,no_data,0.0,,no_data,0.0,,no_data,0.0,,no_data,0.0,,no_data,0.0,,no_data,0.0,,no_data,0.0,,no_data,0.0,,no_data,0.0,,no_data,0.0,,no_data,0.0,tier_2,7,2017,2023,1
Ujjain,Madhya Pradesh,Madhya Pradesh,2019,11,49.742025316455695,good,98.8,105.4549929676512,good,98.8,25.272752161383288,good,96.4,14.762795389048991,good,96.4,5.582586206896552,good,96.7,1.0368436154949785,good,96.8,26.736539589442813,good,94.7,77.4214511494253,good,96.7,0.4594092827004219,good,98.8,5.102714486638537,good,98.8,0.5500985915492957,good,98.6,1.3527190332326284,good,91.9,127.19874622356497,good,91.9,57.646767371601214,good,91.9,27.992477341389723,good,91.9,84.06196374622357,good,91.9,0.0037764350453172208,good,91.9,,no_data,0.0,,no_data,0.0,,no_data,0.0,,no_data,0.0,,no_data,0.0,,no_data,0.0,,no_data,0.0,,no_data,0.0,,no_data,0.0,,no_data,0.0,,no_data,0.0,,no_data,0.0,tier_2,7,2017,2023,1
Ujjain,Madhya Pradesh,Madhya Pradesh,2019,12,70.33747586206896,good,97.4,117.45267489711934,good,98.0,26.23480218281037,good,98.5,14.613833560709415,good,98.5,5.268049113233287,good,98.5,1.0200683994528046,good,98.3,23.654843110504775,good,98.5,71.28974079126876,good,98.5,0.4096998635743519,good,98.5,3.464024556616644,good,98.5,0.23457342657342659,good,96.1,2.254229195088677,good,98.5,91.60914051841746,good,98.5,63.5705866302865,good,98.5,27.01457708049113,good,98.5,75.19098226466576,good,98.5,0.0,good,98.5,,no_data,0.0,,no_data,0.0,,no_data,0.0,,no_data,0.0,,no_data,0.0,,no_data,0.0,,no_data,0.0,,no_data,0.0,,no_data,0.0,,no_data,0.0,,no_data,0.0,,no_data,0.0,tier_2,7,2017,2023,1
Ujjain,Madhya Pradesh,Madhya Pradesh,2020,1,67.91620833333333,good,96.8,116.13914008321777,good,96.9,19.814785020804436,good,96.9,11.953425797503465,good,96.9,6.318492392807746,good,97.2,1.0697948717948718,good,52.4,19.794757281553398,good,96.9,50.27006915629322,good,97.2,0.3092825768667643,good,91.8,1.7680819912152268,good,91.8,0.26644308943089434,good,66.1,2.255655172413793,good,97.4,122.05161379310344,good,97.4,66.40711724137931,good,97.4,26.3147724137931,good,97.4,84.05802758620689,good,97.4,0.0003448275862068965,good,97.4,,no_data,0.0,,no_data,0.0,,no_data,0.0,,no_data,0.0,,no_data,0.0,,no_data,0.0,,no_data,0.0,,no_data,0.0,,no_data,0.0,,no_data,0.0,,no_data,0.0,,no_data,0.0,tier_2,7,2017,2023,1
Ujjain,Madhya Pradesh,Madhya Pradesh,2020,2,60.43802698145025,good,85.2,122.62276845637584,good,85.6,27.984331103678933,good,85.9,19.389665551839464,good,85.9,10.489297658862878,good,85.9,1.1681742043551089,good,85.8,24.396655518394645,good,85.9,73.56998327759197,good,85.9,0.363010033444816,good,85.9,1.5525752508361204,good,85.9,0.34725050916496947,good,70.5,2.233896321070234,good,85.9,130.77704013377925,good,85.9,50.48173913043478,good,85.9,28.489364548494983,good,85.9,112.59991638795987,good,85.9,0.0,good,85.9,,no_data,0.0,,no_data,0.0,,no_data,0.0,,no_data,0.0,,no_data,0.0,,no_data,0.0,,no_data,0.0,,no_data,0.0,,no_data,0.0,,no_data,0.0,,no_data,0.0,,no_data,0.0,tier_2,7,2017,2023,1
Ujjain,Madhya Pradesh,Madhya Pradesh,2020,3,36.63340053763441,good,100.0,95.30163978494623,good,100.0,18.10836021505376,good,100.0,10.96524193548387,good,100.0,8.99146505376344,good,100.0,0.6993010752688171,good,100.0,18.17485215053763,good,100.0,80.25937921727395,good,99.6,0.2363172043010753,good,100.0,2.83130376344086,good,100.0,0.17605392156862748,good,54.8,2.5897983870967742,good,100.0,157.3767876344086,good,100.0,42.670806451612904,good,100.0,29.2305376344086,good,100.0,122.16666666666667,good,100.0,0.00293010752688172,good,100.0,,no_data,0.0,,no_data,0.0,,no_data,0.0,,no_data,0.0,,no_data,0.0,,no_data,0.0,,no_data,0.0,,no_data,0.0,,no_data,0.0,,no_data,0.0,,no_data,0.0,,no_data,0.0,tier_2,7,2017,2023,1
Ujjain,Madhya Pradesh,Madhya Pradesh,2020,4,55.10740532959327,good,99.0,112.70512857142856,good,97.2,11.156545961002784,good,99.7,7.111768802228412,good,99.7,9.759304589707929,good,99.9,0.7905782792665726,good,98.5,13.635766016713092,good,99.7,72.14057103064067,good,99.7,0.22931849791376913,good,99.9,3.8259248956884564,good,99.9,,insufficient,23.9,2.3090264255910986,good,99.9,181.50777468706536,good,99.9,24.825924895688456,good,99.9,31.26046592489569,good,99.9,142.4857440890125,good,99.9,0.0,good,99.9,,no_data,0.0,,no_data,0.0,,no_data,0.0,,no_data,0.0,,no_data,0.0,,no_data,0.0,,no_data,0.0,,no_data,0.0,,no_data,0.0,,no_data,0.0,,no_data,0.0,,no_data,0.0,tier_2,7,2017,2023,1
Ujjain,Madhya Pradesh,Madhya Pradesh,2020,5,23.343617886178862,good,99.2,87.21495251017639,good,99.1,6.575772357723578,good,99.2,4.4770867208672085,good,99.2,6.79077027027027,good,99.5,0.4932191780821918,good,98.1,8.867073170731707,good,99.2,72.8766037735849,good,99.7,0.1499460916442049,good,99.7,4.221617250673854,good,99.7,,insufficient,3.2,3.618045822102426,good,99.7,225.4290296495957,good,99.7,25.72978436657682,good,99.7,31.71926549865229,good,99.7,152.9830458221024,good,99.7,0.0,good,99.7,,no_data,0.0,,no_data,0.0,,no_data,0.0,,no_data,0.0,,no_data,0.0,,no_data,0.0,,no_data,0.0,,no_data,0.0,,no_data,0.0,,no_data,0.0,,no_data,0.0,,no_data,0.0,tier_2,7,2017,2023,1
Ujjain,Madhya Pradesh,Madhya Pradesh,2020,6,19.72124824684432,good,99.0,51.37563636363637,good,99.3,8.108005617977527,good,98.9,5.568651685393259,good,98.9,3.103258426966292,good,98.9,0.5115578635014837,good,93.6,16.64723943661972,good,98.6,68.95127272727274,good,99.3,0.11286312849162011,good,99.4,3.4804189944134083,good,99.4,,insufficient,11.1,3.8878910614525135,good,99.4,217.57773743016762,good,99.4,64.67086592178771,good,99.4,30.30381284916201,good,99.4,108.95925977653631,good,99.4,0.06638268156424582,good,99.4,,no_data,0.0,,no_data,0.0,,no_data,0.0,,no_data,0.0,,no_data,0.0,,no_data,0.0,,no_data,0.0,,no_data,0.0,,no_data,0.0,,no_data,0.0,,no_data,0.0,,no_data,0.0,tier_2,7,2017,2023,1
Ujjain,Madhya Pradesh,Madhya Pradesh,2020,7,19.786904441453565,good,99.9,49.2376747311828,good,100.0,7.036562073669849,good,98.5,5.236261937244202,good,98.5,3.4944765840220384,good,97.6,0.5843417366946779,good,96.0,15.192960436562071,good,98.5,52.5831929347826,good,98.9,0.10288978494623656,good,100.0,3.272137096774194,good,100.0,,insufficient,20.7,3.632110215053763,good,100.0,224.21270161290323,good,100.0,75.3419623655914,good,100.0,30.616532258064513,good,100.0,108.88541666666667,good,100.0,0.0369758064516129,good,100.0,,no_data,0.0,,no_data,0.0,,no_data,0.0,,no_data,0.0,,no_data,0.0,,no_data,0.0,,no_data,0.0,,no_data,0.0,,no_data,0.0,,no_data,0.0,,no_data,0.0,,no_data,0.0,tier_2,7,2017,2023,1
Ujjain,Madhya Pradesh,Madhya Pradesh,2020,8,13.2749931787176,good,98.5,43.77484353741497,good,98.8,4.146789115646259,good,98.8,3.3900408163265303,good,98.8,3.6337771739130433,good,98.9,0.46086956521739125,good,95.8,11.800557823129251,good,98.8,30.6289145183175,good,99.1,0.08789972899728996,good,99.2,2.6358807588075885,good,99.2,,insufficient,12.1,4.525528455284553,good,99.2,236.72639566395665,good,99.2,83.99142276422764,good,99.2,30.56941056910569,good,99.2,67.8620189701897,good,99.2,0.14188346883468833,good,99.2,,no_data,0.0,,no_data,0.0,,no_data,0.0,,no_data,0.0,,no_data,0.0,,no_data,0.0,,no_data,0.0,,no_data,0.0,,no_data,0.0,,no_data,0.0,,no_data,0.0,,no_data,0.0,tier_2,7,2017,2023,1
Ujjain,Madhya Pradesh,Madhya Pradesh,2020,9,28.929715504978663,good,97.6,73.58966244725738,good,98.8,6.17064606741573,good,98.9,4.13001404494382,good,98.9,3.8698033707865163,good,98.9,0.5036657303370786,good,98.9,17.581544943820223,good,98.9,62.0058865248227,good,97.9,1.1752761627906978,good,95.6,30.480029069767443,good,95.6,0.5813224637681159,good,76.7,2.3593688639551194,good,99.0,222.33064516129033,good,99.0,75.29617110799438,good,99.0,30.574298737727908,good,99.0,106.54803646563815,good,99.0,0.09157082748948107,good,99.0,,no_data,0.0,,no_data,0.0,,no_data,0.0,,no_data,0.0,,no_data,0.0,,no_data,0.0,,no_data,0.0,,no_data,0.0,,no_data,0.0,,no_data,0.0,,no_data,0.0,,no_data,0.0,tier_2,7,2017,2023,1
Ujjain,Madhya Pradesh,Madhya Pradesh,2020,10,49.84106412005457,good,98.5,115.59890859481582,good,98.5,16.26174624829468,good,98.5,9.917517053206003,good,98.5,5.041311475409835,good,98.4,0.6793460490463215,good,98.7,20.99043656207367,good,98.5,85.86957765667573,good,98.7,2.011907356948229,good,98.7,32.566430517711176,good,98.7,1.9259536784741145,good,98.7,1.8718256130790192,good,98.7,147.5908310626703,good,98.7,45.3941961852861,good,98.7,30.6299523160763,good,98.7,109.33367847411444,good,98.7,0.0009809264305177111,good,98.7,,no_data,0.0,,no_data,0.0,,no_data,0.0,,no_data,0.0,,no_data,0.0,,no_data,0.0,,no_data,0.0,,no_data,0.0,,no_data,0.0,,no_data,0.0,,no_data,0.0,,no_data,0.0,tier_2,7,2017,2023,1
Ujjain,Madhya Pradesh,Madhya Pradesh,2020,11,81.4173826458037,good,97.6,150.70725852272727,good,97.8,30.704836879432623,good,97.9,18.98090780141844,good,97.9,11.206751773049646,good,97.9,0.9460141843971632,good,97.9,25.40730496453901,good,97.9,96.22961151079137,good,96.5,2.4425390070921984,good,97.9,26.767971631205675,good,97.9,4.398652482269504,good,97.9,1.8959432624113477,good,97.9,117.1563829787234,good,97.9,48.930851063829785,good,97.9,28.516035460992907,good,97.9,91.95685106382979,good,97.9,0.0003546099290780142,good,97.9,,no_data,0.0,,no_data,0.0,,no_data,0.0,,no_data,0.0,,no_data,0.0,,no_data,0.0,,no_data,0.0,,no_data,0.0,,no_data,0.0,,no_data,0.0,,no_data,0.0,,no_data,0.0,tier_2,7,2017,2023,1
Ujjain,Madhya Pradesh,Madhya Pradesh,2020,12,82.89434724091521,good,99.9,162.40242261103634,good,99.9,33.7357200538358,good,99.9,25.7835531628533,good,99.9,11.186312247644684,good,99.9,1.089878869448183,good,99.9,28.832489905787348,good,99.9,76.17531628532974,good,99.9,2.57535666218035,good,99.9,21.1150201884253,good,99.9,3.950619111709287,good,99.9,1.8091251682368776,good,99.9,117.82446837146703,good,99.9,59.338721399730815,good,99.9,26.600834454912516,good,99.9,79.48755047106326,good,99.9,0.002718707940780619,good,99.9,,no_data,0.0,,no_data,0.0,,no_data,0.0,,no_data,0.0,,no_data,0.0,,no_data,0.0,,no_data,0.0,,no_data,0.0,,no_data,0.0,,no_data,0.0,,no_data,0.0,,no_data,0.0,tier_2,7,2017,2023,1
Ujjain,Madhya Pradesh,Madhya Pradesh,2021,1,82.90492476060192,good,98.3,160.2011956521739,good,98.9,26.448860244233376,good,99.1,16.400597014925374,good,99.1,7.750027100271003,good,99.2,0.8850746268656716,good,99.1,24.880949796472184,good,99.1,81.73096075778078,good,99.3,1.852787550744249,good,99.3,12.858525033829501,good,99.3,1.8570771312584573,good,99.3,2.2659945872801086,good,99.3,117.54397834912044,good,99.3,60.67377537212449,good,99.3,26.636299052774017,good,99.3,85.54251691474965,good,99.3,0.0016102841677943169,good,99.3,,no_data,0.0,,no_data,0.0,,no_data,0.0,,no_data,0.0,,no_data,0.0,,no_data,0.0,,no_data,0.0,,no_data,0.0,,no_data,0.0,,no_data,0.0,,no_data,0.0,,no_data,0.0,tier_2,7,2017,2023,1
Ujjain,Madhya Pradesh,Madhya Pradesh,2021,2,71.18759342301944,good,99.6,181.46478328173376,good,96.1,29.735906976744186,good,96.0,21.55887892376682,good,99.6,7.738777089783282,good,96.1,1.0593273542600896,good,99.6,26.28285500747384,good,99.6,71.94169014084508,good,95.1,2.101985074626866,good,99.7,17.656611940298507,good,99.7,2.9209566517189836,good,99.6,1.9275820895522389,good,99.7,161.65123880597014,good,99.7,43.610194029850746,good,99.7,26.87307462686567,good,99.7,111.04279104477612,good,99.7,0.0,good,99.7,,no_data,0.0,,no_data,0.0,,no_data,0.0,,no_data,0.0,,no_data,0.0,,no_data,0.0,,no_data,0.0,,no_data,0.0,,no_data,0.0,,no_data,0.0,,no_data,0.0,,no_data,0.0,tier_2,7,2017,2023,1
Ujjain,Madhya Pradesh,Madhya Pradesh,2021,3,64.22773279352226,good,99.6,166.87179487179486,good,99.6,20.8714131897712,good,99.9,13.843055181695828,good,99.9,7.734260752688173,good,100.0,0.8916037735849056,good,99.7,22.388223418573347,good,99.9,87.20700268817205,good,100.0,1.4719354838709675,good,100.0,15.386948924731183,good,100.0,1.6056698240866034,good,99.3,2.43385752688172,good,100.0,178.4992069892473,good,100.0,31.132056451612904,good,100.0,28.84010752688172,good,100.0,126.46774193548387,good,100.0,0.00228494623655914,good,100.0,,no_data,0.0,,no_data,0.0,,no_data,0.0,,no_data,0.0,,no_data,0.0,,no_data,0.0,,no_data,0.0,,no_data,0.0,,no_data,0.0,,no_data,0.0,,no_data,0.0,,no_data,0.0,tier_2,7,2017,2023,1
Ujjain,Madhya Pradesh,Madhya Pradesh,2021,4,70.86466960352422,good,94.6,162.94186490455215,good,94.6,14.755479041916168,good,92.8,8.881661676646706,good,92.8,10.42751453488372,good,95.6,0.7425144508670519,good,96.1,17.699670658682635,good,92.8,99.04107091172214,good,96.0,0.9741763005780347,good,96.1,12.212846820809247,good,96.1,0.5716773162939297,good,86.9,2.502673410404624,good,96.1,202.45940751445087,good,96.1,19.30335260115607,good,96.1,30.548439306358382,good,96.1,136.624161849711,good,96.1,0.0,good,96.1,,no_data,0.0,,no_data,0.0,,no_data,0.0,,no_data,0.0,,no_data,0.0,,no_data,0.0,,no_data,0.0,,no_data,0.0,,no_data,0.0,,no_data,0.0,,no_data,0.0,,no_data,0.0,tier_2,7,2017,2023,1
Ujjain,Madhya Pradesh,Madhya Pradesh,2021,5,31.807249322493224,good,99.2,101.02619241192413,good,99.2,9.820587431693989,good,98.4,6.930355191256831,good,98.4,4.861009549795361,good,98.5,0.4730601092896175,good,98.4,18.7972131147541,good,98.4,83.6276462585034,good,98.8,0.480994623655914,good,100.0,7.799059139784946,good,100.0,0.31958333333333333,good,71.0,3.5469021739130433,good,98.9,217.18524456521737,good,98.9,38.09432065217391,good,98.9,30.647309782608694,good,98.9,139.1314538043478,good,98.9,0.027119565217391305,good,98.9,,no_data,0.0,,no_data,0.0,,no_data,0.0,,no_data,0.0,,no_data,0.0,,no_data,0.0,,no_data,0.0,,no_data,0.0,,no_data,0.0,,no_data,0.0,,no_data,0.0,,no_data,0.0,tier_2,7,2017,2023,1
Ujjain,Madhya Pradesh,Madhya Pradesh,2021,6,21.505921625544268,good,95.7,97.56808417997098,good,95.7,12.789159159159158,good,92.5,9.8803003003003,good,92.5,2.9994244604316544,good,96.5,0.43058823529411766,good,96.8,14.991019786910199,good,91.2,68.77022889842632,good,97.1,0.3008510638297872,good,97.9,4.8067659574468085,good,97.9,0.22381471389645777,good,51.0,4.166917613636364,good,97.8,236.95798295454543,good,97.8,62.056704545454544,good,97.8,31.037585227272725,good,97.8,117.3192471590909,good,97.8,0.039261363636363636,good,97.8,,no_data,0.0,,no_data,0.0,,no_data,0.0,,no_data,0.0,,no_data,0.0,,no_data,0.0,,no_data,0.0,,no_data,0.0,,no_data,0.0,,no_data,0.0,,no_data,0.0,,no_data,0.0,tier_2,7,2017,2023,1
Ujjain,Madhya Pradesh,Madhya Pradesh,2021,7,22.797752808988765,good,95.7,82.53760445682451,good,96.5,8.563780663780664,good,93.1,5.853487031700288,good,93.3,3.582193103448276,good,97.4,0.6000137551581843,good,97.7,11.640029325513197,good,91.7,53.693878954607975,good,97.7,0.27550206327372767,good,97.7,4.096685006877579,good,97.7,0.2751807228915663,good,66.9,4.279972489683631,good,97.7,224.322090784044,good,97.7,72.28015130674002,good,97.7,31.172379642365886,good,97.7,88.05502063273728,good,97.7,0.06817056396148555,good,97.7,,no_data,0.0,,no_data,0.0,,no_data,0.0,,no_data,0.0,,no_data,0.0,,no_data,0.0,,no_data,0.0,,no_data,0.0,,no_data,0.0,,no_data,0.0,,no_data,0.0,,no_data,0.0,tier_2,7,2017,2023,1
Ujjain,Madhya Pradesh,Madhya Pradesh,2021,8,22.202317596566523,good,94.0,82.24687861271676,good,93.0,6.112,good,96.8,4.2208194444444445,good,96.8,4.186210235131397,good,97.2,0.6245769764216367,good,96.9,11.43313888888889,good,96.8,46.15326417704011,good,97.2,0.26363636363636367,good,97.6,3.234931129476584,good,97.6,0.2194291338582677,good,68.3,3.7358482758620686,good,97.4,235.05333793103446,good,97.4,81.50426206896552,good,97.4,30.055703448275864,good,97.4,67.1396551724138,good,97.4,0.06006896551724138,good,97.4,,no_data,0.0,,no_data,0.0,,no_data,0.0,,no_data,0.0,,no_data,0.0,,no_data,0.0,,no_data,0.0,,no_data,0.0,,no_data,0.0,,no_data,0.0,,no_data,0.0,,no_data,0.0,tier_2,7,2017,2023,1
Ujjain,Madhya Pradesh,Madhya Pradesh,2021,9,14.283646563814866,good,99.0,63.341051893408135,good,99.0,7.3896250000000006,good,100.0,5.0530277777777775,good,100.0,3.9120473537604457,good,99.7,0.4835564853556486,good,99.6,11.235125000000002,good,100.0,41.05913888888889,good,100.0,0.24830555555555558,good,100.0,2.7032499999999997,good,100.0,0.2765918367346939,good,68.1,3.1210277777777775,good,100.0,193.35729166666667,good,100.0,79.40451388888889,good,100.0,30.040576388888883,good,100.0,87.17152777777778,good,100.0,0.044486111111111115,good,100.0,,no_data,0.0,,no_data,0.0,,no_data,0.0,,no_data,0.0,,no_data,0.0,,no_data,0.0,,no_data,0.0,,no_data,0.0,,no_data,0.0,,no_data,0.0,,no_data,0.0,,no_data,0.0,tier_2,7,2017,2023,1
Ujjain,Madhya Pradesh,Madhya Pradesh,2021,10,34.19618457300275,good,97.6,122.01051490514905,good,99.2,17.200714285714287,good,99.7,10.639959568733154,good,99.7,5.610135317997293,good,99.3,0.6882860998650473,good,99.6,18.28920485175202,good,99.7,61.29920592193809,good,99.9,0.39725806451612905,good,100.0,3.177123655913978,good,100.0,0.5706656804733728,good,90.9,1.9155510752688174,good,100.0,160.71818548387097,good,100.0,56.59038978494624,good,100.0,29.418682795698924,good,100.0,108.03125,good,100.0,0.011021505376344085,good,100.0,,no_data,0.0,,no_data,0.0,,no_data,0.0,,no_data,0.0,,no_data,0.0,,no_data,0.0,,no_data,0.0,,no_data,0.0,,no_data,0.0,,no_data,0.0,,no_data,0.0,,no_data,0.0,tier_2,7,2017,2023,1
Ujjain,Madhya Pradesh,Madhya Pradesh,2021,11,62.55605714285714,good,97.2,159.81029914529915,good,97.5,29.134985754985752,good,97.5,17.957507122507124,good,97.5,9.68011396011396,good,97.5,1.0221921921921924,good,92.5,23.35542735042735,good,97.5,59.991137980085355,good,97.6,0.5796746817538897,good,98.2,3.4756011315417257,good,98.2,1.023556187766714,good,97.6,2.0068599717114566,good,98.2,93.56717114568599,good,98.2,45.29468175388968,good,98.2,27.764398868458276,good,98.2,94.82330975954739,good,98.2,0.0010183875530410183,good,98.2,,no_data,0.0,,no_data,0.0,,no_data,0.0,,no_data,0.0,,no_data,0.0,,no_data,0.0,,no_data,0.0,,no_data,0.0,,no_data,0.0,,no_data,0.0,,no_data,0.0,,no_data,0.0,tier_2,7,2017,2023,1
Ujjain,Madhya Pradesh,Madhya Pradesh,2021,12,61.81393775372125,good,99.3,157.9842663043478,good,98.9,31.23724462365592,good,100.0,20.560174731182794,good,100.0,4.770080862533693,good,99.7,1.0385215053763441,good,100.0,28.30736559139785,good,100.0,64.30739247311827,good,100.0,0.4791666666666667,good,100.0,2.724811827956989,good,100.0,0.7501269393511988,good,95.3,2.0527150537634404,good,100.0,107.14986559139786,good,100.0,62.388440860215056,good,100.0,25.577412634408603,good,100.0,74.47379032258064,good,100.0,0.003077956989247312,good,100.0,,no_data,0.0,,no_data,0.0,,no_data,0.0,,no_data,0.0,,no_data,0.0,,no_data,0.0,,no_data,0.0,,no_data,0.0,,no_data,0.0,,no_data,0.0,,no_data,0.0,,no_data,0.0,tier_2,7,2017,2023,1
Ujjain,Madhya Pradesh,Madhya Pradesh,2022,1,63.2831983805668,good,99.6,165.09123055162658,good,95.0,20.60102425876011,good,99.7,14.252061994609162,good,99.7,5.773104838709677,good,100.0,0.927554347826087,good,98.9,21.01582210242588,good,99.7,53.70493279569892,good,100.0,0.3753091397849463,good,100.0,1.7543145161290323,good,100.0,0.47304918032786886,good,82.0,2.1202150537634408,good,100.0,133.11682795698925,good,100.0,65.375,good,100.0,24.271283602150536,good,100.0,88.62836021505376,good,100.0,0.004166666666666667,good,100.0,,no_data,0.0,,no_data,0.0,,no_data,0.0,,no_data,0.0,,no_data,0.0,,no_data,0.0,,no_data,0.0,,no_data,0.0,,no_data,0.0,,no_data,0.0,,no_data,0.0,,no_data,0.0,tier_2,7,2017,2023,1
Ujjain,Madhya Pradesh,Madhya Pradesh,2022,2,72.19009022556392,good,99.0,188.21553223388304,good,99.3,24.219865470852017,good,99.6,16.72645739910314,good,99.6,6.993707025411061,good,99.6,1.0202719033232628,good,98.5,23.885485799701044,good,99.6,59.06169895678092,good,99.9,0.3411904761904762,good,100.0,1.9135565476190475,good,100.0,0.5741946902654868,good,84.1,2.0745535714285714,good,100.0,156.68080357142858,good,100.0,47.48424107142857,good,100.0,25.244553571428575,good,100.0,109.42398809523809,good,100.0,0.0,good,100.0,,no_data,0.0,,no_data,0.0,,no_data,0.0,,no_data,0.0,,no_data,0.0,,no_data,0.0,,no_data,0.0,,no_data,0.0,,no_data,0.0,,no_data,0.0,,no_data,0.0,,no_data,0.0,tier_2,7,2017,2023,1
Ujjain,Madhya Pradesh,Madhya Pradesh,2022,3,56.906586021505376,good,100.0,173.8300940860215,good,100.0,21.33324200913242,good,88.3,13.295144596651445,good,88.3,6.962151724137931,good,97.4,0.8051075268817204,good,100.0,22.5227701674277,good,88.3,63.06911051212938,good,99.7,0.254502688172043,good,100.0,1.7345564516129033,good,100.0,0.3181060606060606,good,71.0,1.982244623655914,good,100.0,176.60685483870967,good,100.0,30.2552688172043,good,100.0,29.035262096774193,good,100.0,129.4718817204301,good,100.0,0.0013172043010752689,good,100.0,,no_data,0.0,,no_data,0.0,,no_data,0.0,,no_data,0.0,,no_data,0.0,,no_data,0.0,,no_data,0.0,,no_data,0.0,,no_data,0.0,,no_data,0.0,,no_data,0.0,,no_data,0.0,tier_2,7,2017,2023,1
Ujjain,Madhya Pradesh,Madhya Pradesh,2022,4,68.1632801161103,good,95.7,180.38115044247786,good,94.2,21.022675585284283,good,83.1,12.240501672240804,good,83.1,12.749730586370841,good,87.6,0.7851951951951953,good,92.5,23.41321608040201,good,82.9,52.08505327245054,good,91.2,0.14250000000000002,good,96.7,0.9239942528735633,good,96.7,0.5925000000000001,sparse,37.8,2.584651515151515,good,91.7,241.93839393939393,good,91.7,19.56957575757576,good,91.7,29.487257575757575,good,91.7,147.1419090909091,good,91.7,0.0,good,91.7,,no_data,0.0,,no_data,0.0,,no_data,0.0,,no_data,0.0,,no_data,0.0,,no_data,0.0,,no_data,0.0,,no_data,0.0,,no_data,0.0,,no_data,0.0,,no_data,0.0,,no_data,0.0,tier_2,7,2017,2023,1
Ujjain,Madhya Pradesh,Madhya Pradesh,2022,5,57.290478011472274,good,70.3,224.76038575667656,good,90.6,10.357195467422097,good,94.9,6.718611898016998,good,94.9,9.690786516853933,good,95.7,0.7287290502793295,good,96.2,25.73278014184397,good,94.8,48.04539325842697,good,95.7,0.06810249307479224,good,97.0,0.898448753462604,good,97.0,0.49039877300613505,sparse,43.8,4.227811634349031,good,97.0,241.58148199445986,good,97.0,30.588296398891966,good,97.0,32.01790166204986,good,97.0,143.76696675900277,good,97.0,0.0003047091412742382,good,97.0,,no_data,0.0,,no_data,0.0,,no_data,0.0,,no_data,0.0,,no_data,0.0,,no_data,0.0,,no_data,0.0,,no_data,0.0,,no_data,0.0,,no_data,0.0,,no_data,0.0,,no_data,0.0,tier_2,7,2017,2023,1
Ujjain,Madhya Pradesh,Madhya Pradesh,2022,6,,insufficient,20.4,110.05551575931231,good,96.9,9.097542134831462,good,98.9,5.759831460674158,good,98.9,7.106134453781514,good,99.2,0.6810754189944135,good,99.4,19.887401685393257,good,98.9,56.27696378830084,good,99.7,0.03280555555555555,good,100.0,0.4420138888888889,good,100.0,,insufficient,16.7,4.0384166666666665,good,100.0,244.64698611111115,good,100.0,51.953125,good,100.0,31.91472916666667,good,100.0,126.24791666666667,good,100.0,0.060541666666666674,good,100.0,,no_data,0.0,,no_data,0.0,,no_data,0.0,,no_data,0.0,,no_data,0.0,,no_data,0.0,,no_data,0.0,,no_data,0.0,,no_data,0.0,,no_data,0.0,,no_data,0.0,,no_data,0.0,tier_2,7,2017,2023,1
Ujjain,Madhya Pradesh,Madhya Pradesh,2022,7,16.019327610872676,good,94.0,67.0331330472103,good,94.0,8.97514409221902,good,93.3,6.023472622478386,good,93.3,5.3822701149425285,good,93.5,0.8390865384615385,good,55.9,17.152175792507204,good,93.3,30.06904148783977,good,94.0,0.009188034188034187,good,94.4,0.33616809116809115,good,94.4,,insufficient,5.4,3.2352117263843647,good,82.5,248.82356677524427,good,82.5,79.909332247557,good,82.5,30.57939739413681,good,82.5,76.22244299674267,good,82.5,0.072557003257329,good,82.5,,no_data,0.0,,no_data,0.0,,no_data,0.0,,no_data,0.0,,no_data,0.0,,no_data,0.0,,no_data,0.0,,no_data,0.0,,no_data,0.0,,no_data,0.0,,no_data,0.0,,no_data,0.0,tier_2,7,2017,2023,1
Ujjain,Madhya Pradesh,Madhya Pradesh,2022,8,24.05741042345277,good,82.5,71.55877742946709,good,85.8,6.7476971608832805,good,85.2,5.040804416403786,good,85.2,5.315133858267716,good,85.3,0.6546536412078153,good,75.7,17.92004731861199,good,85.2,27.959937500000002,good,86.0,0.012223950233281494,good,86.4,0.30049766718507004,good,86.4,,insufficient,5.4,3.6181337480559876,good,86.4,231.88919129082427,good,86.4,79.70555209953343,good,86.4,29.672799377916018,good,86.4,86.1250699844479,good,86.4,0.11608087091757385,good,86.4,,no_data,0.0,,no_data,0.0,,no_data,0.0,,no_data,0.0,,no_data,0.0,,no_data,0.0,,no_data,0.0,,no_data,0.0,,no_data,0.0,,no_data,0.0,,no_data,0.0,,no_data,0.0,tier_2,7,2017,2023,1
Ujjain,Madhya Pradesh,Madhya Pradesh,2022,9,34.72477379095164,good,89.0,87.62402496099844,good,89.0,9.507965571205007,good,88.8,7.193082942097027,good,88.8,5.307194357366771,good,88.6,0.6714592274678111,good,64.7,17.774976525821597,good,88.8,31.896087636932705,good,88.8,0.02221528861154446,good,89.0,0.34432137285491415,good,89.0,,insufficient,10.8,2.81609375,good,88.9,205.24634375,good,88.9,71.967578125,good,88.9,29.692140625,good,88.9,92.20546875,good,88.9,0.043984375,good,88.9,,no_data,0.0,,no_data,0.0,,no_data,0.0,,no_data,0.0,,no_data,0.0,,no_data,0.0,,no_data,0.0,,no_data,0.0,,no_data,0.0,,no_data,0.0,,no_data,0.0,,no_data,0.0,tier_2,7,2017,2023,1
Ujjain,Madhya Pradesh,Madhya Pradesh,2022,10,61.302115384615384,good,69.9,124.22727272727273,good,99.1,25.595448154657294,good,76.5,16.420964912280702,good,76.6,8.429946164199192,good,99.9,0.8814650537634408,good,100.0,26.71019332161687,good,76.5,48.08660351826793,good,99.3,0.14463709677419354,good,100.0,0.5875940860215054,good,100.0,0.25488700564971756,sparse,47.6,1.9731586021505378,good,100.0,143.33064516129033,good,100.0,51.47290322580645,good,100.0,29.4614247311828,good,100.0,106.89784946236558,good,100.0,0.022244623655913974,good,100.0,,no_data,0.0,,no_data,0.0,,no_data,0.0,,no_data,0.0,,no_data,0.0,,no_data,0.0,,no_data,0.0,,no_data,0.0,,no_data,0.0,,no_data,0.0,,no_data,0.0,,no_data,0.0,tier_2,7,2017,2023,1
Ujjain,Madhya Pradesh,Madhya Pradesh,2022,11,73.90938888888888,good,100.0,156.67604166666666,good,100.0,46.43888111888112,good,99.3,32.081776223776224,good,99.3,10.644853146853146,good,99.3,1.2775238095238093,good,87.5,35.678377622377624,good,99.3,53.47526392961878,good,94.7,0.10098611111111112,good,100.0,0.7353888888888889,good,100.0,0.2603627760252366,good,88.1,1.5490277777777777,good,100.0,131.7765,good,100.0,44.14791666666667,good,100.0,28.657631944444443,good,100.0,92.68113888888888,good,100.0,0.0,good,100.0,,no_data,0.0,,no_data,0.0,,no_data,0.0,,no_data,0.0,,no_data,0.0,,no_data,0.0,,no_data,0.0,,no_data,0.0,,no_data,0.0,,no_data,0.0,,no_data,0.0,,no_data,0.0,tier_2,7,2017,2023,1
Ujjain,Madhya Pradesh,Madhya Pradesh,2022,12,74.2076690647482,good,93.4,149.53103151862464,good,93.8,38.66290647482015,good,93.4,25.0874964028777,good,93.4,9.425625899280575,good,93.4,1.2020977011494252,good,93.5,31.713611510791367,good,93.4,51.85164948453609,good,91.3,0.08097421203438394,good,93.8,0.3969054441260744,good,93.8,0.13471074380165288,sparse,48.8,1.885343839541547,good,93.8,113.40974212034384,good,93.8,57.03270773638969,good,93.8,27.197084527220635,good,93.8,81.16822349570201,good,93.8,0.0009312320916905444,good,93.8,,no_data,0.0,,no_data,0.0,,no_data,0.0,,no_data,0.0,,no_data,0.0,,no_data,0.0,,no_data,0.0,,no_data,0.0,,no_data,0.0,,no_data,0.0,,no_data,0.0,,no_data,0.0,tier_2,7,2017,2023,1
Ujjain,Madhya Pradesh,Madhya Pradesh,2023,1,92.6224087591241,good,92.1,166.54495621716288,good,76.7,38.17675287356322,good,93.5,23.34653735632184,good,93.5,9.163739376770538,good,94.9,1.2043724137931036,good,97.4,26.545383522727274,good,94.6,50.5981955922865,good,97.6,0.06610192837465564,good,97.6,0.24822314049586777,good,97.6,,insufficient,16.5,2.3309504132231407,good,97.6,113.41334710743801,good,97.6,61.39611570247934,good,97.6,25.58043388429752,good,97.6,82.3305785123967,good,97.6,0.0002754820936639119,good,97.6,,no_data,0.0,,no_data,0.0,,no_data,0.0,,no_data,0.0,,no_data,0.0,,no_data,0.0,,no_data,0.0,,no_data,0.0,,no_data,0.0,,no_data,0.0,,no_data,0.0,,no_data,0.0,tier_2,7,2017,2023,1
Ujjain,Madhya Pradesh,Madhya Pradesh,2023,2,62.315,good,100.0,162.47619047619048,good,100.0,34.25742899850523,good,99.6,20.334260089686097,good,99.6,8.212352941176471,good,98.7,1.4670684523809523,good,100.0,28.488744394618834,good,99.6,46.310092165898624,good,96.9,0.06398809523809523,good,100.0,0.29345238095238096,good,100.0,0.1258671586715867,sparse,40.3,1.7212500000000002,good,100.0,174.74144345238096,good,100.0,44.45907738095238,good,100.0,27.772641369047626,good,100.0,109.47619047619048,good,100.0,0.0,good,100.0,,no_data,0.0,,no_data,0.0,,no_data,0.0,,no_data,0.0,,no_data,0.0,,no_data,0.0,,no_data,0.0,,no_data,0.0,,no_data,0.0,,no_data,0.0,,no_data,0.0,,no_data,0.0,tier_2,7,2017,2023,1
Ujjain,Madhya Pradesh,Madhya Pradesh,2023,3,127.77113085621971,good,83.2,119.17268518518519,good,72.6,17.109172610556346,good,94.2,11.152967189728958,good,94.2,9.037349570200572,good,93.8,0.9865638148667603,good,95.8,23.4355587808418,good,92.6,60.436295774647895,good,95.4,0.02045698924731183,good,100.0,0.14928763440860218,good,100.0,0.1485135135135135,sparse,29.8,2.482988505747126,good,58.5,206.91549425287357,good,58.5,41.52565517241379,good,58.5,29.51655172413793,good,58.5,115.22988505747126,good,58.5,0.0021149425287356324,good,58.5,,no_data,0.0,,no_data,0.0,,no_data,0.0,,no_data,0.0,,no_data,0.0,,no_data,0.0,,no_data,0.0,,no_data,0.0,,no_data,0.0,,no_data,0.0,,no_data,0.0,,no_data,0.0,tier_2,7,2017,2023,1
