city,state,state_original,year,month,PM2.5 (ug/m3)_mean,PM2.5 (ug/m3)_flag,PM2.5 (ug/m3)_coverage_pct,PM10 (ug/m3)_mean,PM10 (ug/m3)_flag,PM10 (ug/m3)_coverage_pct,NO (ug/m3)_mean,NO (ug/m3)_flag,NO (ug/m3)_coverage_pct,NO2 (ug/m3)_mean,NO2 (ug/m3)_flag,NO2 (ug/m3)_coverage_pct,NOx (ppb)_mean,NOx (ppb)_flag,NOx (ppb)_coverage_pct,SO2 (ug/m3)_mean,SO2 (ug/m3)_flag,SO2 (ug/m3)_coverage_pct,CO (mg/m3)_mean,CO (mg/m3)_flag,CO (mg/m3)_coverage_pct,NH3 (ug/m3)_mean,NH3 (ug/m3)_flag,NH3 (ug/m3)_coverage_pct,Ozone (ug/m3)_mean,Ozone (ug/m3)_flag,Ozone (ug/m3)_coverage_pct,Benzene (ug/m3)_mean,Benzene (ug/m3)_flag,Benzene (ug/m3)_coverage_pct,Toluene (ug/m3)_mean,Toluene (ug/m3)_flag,Toluene (ug/m3)_coverage_pct,Xylene (ug/m3)_mean,Xylene (ug/m3)_flag,Xylene (ug/m3)_coverage_pct,WS (m/s)_mean,WS (m/s)_flag,WS (m/s)_coverage_pct,WD (degree)_mean,WD (degree)_flag,WD (degree)_coverage_pct,RH (%)_mean,RH (%)_flag,RH (%)_coverage_pct,AT (degree C)_mean,AT (degree C)_flag,AT (degree C)_coverage_pct,SR (W/mt2)_mean,SR (W/mt2)_flag,SR (W/mt2)_coverage_pct,RF (mm)_mean,RF (mm)_flag,RF (mm)_coverage_pct,BP (mmHg)_mean,BP (mmHg)_flag,BP (mmHg)_coverage_pct,Eth-Benzene (ug/m3)_mean,Eth-Benzene (ug/m3)_flag,Eth-Benzene (ug/m3)_coverage_pct,MP-Xylene (ug/m3)_mean,MP-Xylene (ug/m3)_flag,MP-Xylene (ug/m3)_coverage_pct,O Xylene (ug/m3)_mean,O Xylene (ug/m3)_flag,O Xylene (ug/m3)_coverage_pct,CH4 (ug/m3)_mean,CH4 (ug/m3)_flag,CH4 (ug/m3)_coverage_pct,NMHC (ug/m3)_mean,NMHC (ug/m3)_flag,NMHC (ug/m3)_coverage_pct,THC (ug/m3)_mean,THC (ug/m3)_flag,THC (ug/m3)_coverage_pct,CO2 (mg/m3)_mean,CO2 (mg/m3)_flag,CO2 (mg/m3)_coverage_pct,HCHO (ug/m3)_mean,HCHO (ug/m3)_flag,HCHO (ug/m3)_coverage_pct,Hg (ug/m3)_mean,Hg (ug/m3)_flag,Hg (ug/m3)_coverage_pct,SPM (ug/m3)_mean,SPM (ug/m3)_flag,SPM (ug/m3)_coverage_pct,data_quality_tier,actual_data_years,data_first_year,data_last_year,n_stations
Visakhapatnam,Andhra Pradesh,Andhra Pradesh,2017,7,41.4608912386707,good,89.0,100.67076086956521,good,86.6,2.2821951219512195,good,99.2,10.942706359945873,good,99.3,7.554326145552561,good,99.7,11.9136095505618,good,95.7,0.11164642375168693,good,99.6,4.097598828696925,good,91.8,19.05066091954023,good,93.5,3.4521428571428574,good,99.7,8.703773584905658,good,99.7,2.112398921832884,good,99.7,1.0964150943396227,good,99.7,278.57667586206895,good,97.4,75.23044474393532,good,99.7,29.446859838274932,good,99.7,127.76869272237197,good,99.7,0.034339622641509436,good,99.7,736.140122615804,good,98.7,,no_data,0.0,,no_data,0.0,,no_data,0.0,,no_data,0.0,,no_data,0.0,,no_data,0.0,,no_data,0.0,,no_data,0.0,,no_data,0.0,,no_data,0.0,tier_2,7,2017,2023,1
Visakhapatnam,Andhra Pradesh,Andhra Pradesh,2017,8,44.61422031473534,good,94.0,106.97621233859397,good,93.7,1.7331521739130433,good,98.9,11.916305818673884,good,99.3,7.692756756756757,good,99.5,17.41216642754663,good,93.7,0.0536302294197031,good,99.6,3.682729970326409,good,90.6,21.707316239316242,good,78.6,3.420593792172739,good,99.6,8.55816464237517,good,99.6,1.341740890688259,good,99.6,0.8063832658569501,good,99.6,266.1081560283688,good,94.8,76.40986504723347,good,99.6,29.62344129554656,good,99.6,135.09721997300946,good,99.6,0.07348178137651823,good,99.6,735.1492519685039,good,68.3,,no_data,0.0,,no_data,0.0,,no_data,0.0,,no_data,0.0,,no_data,0.0,,no_data,0.0,,no_data,0.0,,no_data,0.0,,no_data,0.0,,no_data,0.0,tier_2,7,2017,2023,1
Visakhapatnam,Andhra Pradesh,Andhra Pradesh,2017,9,36.270763582966225,good,94.6,84.11146842878121,good,94.6,2.65709219858156,good,97.9,7.605756385068762,good,70.7,4.469225352112677,good,98.6,10.650497803806735,good,94.9,0.08738764044943821,good,98.9,2.9385394932935918,good,93.2,22.585849999999997,good,83.3,3.230545454545455,good,99.3,10.242825174825175,good,99.3,2.1425454545454548,good,99.3,0.7351818181818182,good,99.3,242.631936416185,good,96.1,75.97597202797203,good,99.3,29.80511888111888,good,99.3,144.04781818181817,good,99.3,0.01546853146853147,good,99.3,739.2227560975608,good,56.9,,no_data,0.0,,no_data,0.0,,no_data,0.0,,no_data,0.0,,no_data,0.0,,no_data,0.0,,no_data,0.0,,no_data,0.0,,no_data,0.0,,no_data,0.0,tier_2,7,2017,2023,1
Visakhapatnam,Andhra Pradesh,Andhra Pradesh,2017,10,,insufficient,13.8,,insufficient,15.5,,insufficient,16.3,,insufficient,0.0,0.024299319727891157,good,98.8,,insufficient,15.7,0.1027038043478261,good,98.9,0.40749593495934955,good,82.7,,insufficient,13.2,0.31531250000000005,good,98.9,0.8306114130434782,good,98.9,0.2028804347826087,good,98.9,0.14574728260869566,good,98.9,,insufficient,12.2,74.33488262910798,sparse,28.6,,insufficient,16.4,33.522635869565214,good,98.9,0.0017663043478260867,good,98.9,,insufficient,17.6,,no_data,0.0,,no_data,0.0,,no_data,0.0,,no_data,0.0,,no_data,0.0,,no_data,0.0,,no_data,0.0,,no_data,0.0,,no_data,0.0,,no_data,0.0,tier_2,7,2017,2023,1
Visakhapatnam,Andhra Pradesh,Andhra Pradesh,2017,11,39.91188473520249,good,89.2,80.64550287356323,good,96.7,5.377767722473604,good,92.1,20.74606653620352,good,71.0,11.57791086350975,good,99.7,6.339927641099854,good,96.0,0.8628372739916549,good,99.9,4.5083031301482706,good,84.3,70.65798858773181,good,97.4,2.9855021216407356,good,98.2,5.882489391796323,good,98.2,1.2004526166902403,good,98.2,1.0748539638386647,good,99.9,156.34071830985917,good,98.6,67.6247983310153,good,99.9,27.36018080667594,good,99.9,129.69119610570237,good,99.9,0.004450625869262865,good,99.9,750.6819746121298,good,98.5,,no_data,0.0,,no_data,0.0,,no_data,0.0,,no_data,0.0,,no_data,0.0,,no_data,0.0,,no_data,0.0,,no_data,0.0,,no_data,0.0,,no_data,0.0,tier_2,7,2017,2023,1
Visakhapatnam,Andhra Pradesh,Andhra Pradesh,2017,12,80.71928675400291,good,92.3,144.2225218658892,good,92.2,14.086194331983805,good,99.6,45.60151147098516,good,99.6,35.62619433198381,good,99.6,11.536073871409027,good,98.3,1.1435087719298247,good,99.6,13.66765182186235,good,99.6,70.76747638326586,good,99.6,3.692672064777328,good,99.6,6.2587449392712555,good,99.6,1.675290148448043,good,99.6,0.7377395411605937,good,99.6,158.6880945757997,good,96.6,66.33983805668016,good,99.6,25.91986504723347,good,99.6,121.00651821862348,good,99.6,0.0,good,99.6,755.6325641025641,good,99.6,,no_data,0.0,,no_data,0.0,,no_data,0.0,,no_data,0.0,,no_data,0.0,,no_data,0.0,,no_data,0.0,,no_data,0.0,,no_data,0.0,,no_data,0.0,tier_2,7,2017,2023,1
Visakhapatnam,Andhra Pradesh,Andhra Pradesh,2018,1,99.53403815580286,good,84.5,196.13160063391442,good,84.8,26.771455696202533,good,84.9,56.69723538704581,good,85.1,51.75848341232228,good,85.1,13.969888888888887,good,84.7,1.382437106918239,good,85.5,17.188842443729904,good,83.6,60.17355905511811,good,85.3,4.57480376766091,good,85.6,7.402087912087913,good,85.6,2.413532182103611,good,85.6,0.6720879120879122,good,85.6,197.9258115183246,good,77.0,68.56240188383046,good,85.6,26.305486656200944,good,85.6,122.28200941915227,good,85.6,0.0,good,85.6,754.1529950083196,good,80.8,,no_data,0.0,,no_data,0.0,,no_data,0.0,,no_data,0.0,,no_data,0.0,,no_data,0.0,,no_data,0.0,,no_data,0.0,,no_data,0.0,,no_data,0.0,tier_2,7,2017,2023,1
Visakhapatnam,Andhra Pradesh,Andhra Pradesh,2018,2,67.53801242236024,good,95.8,161.68188562596598,good,96.3,19.05313664596273,good,95.8,46.64354838709677,good,83.0,36.78679069767443,good,96.0,12.027917981072555,good,94.3,0.8020987654320988,good,96.4,10.973611556982343,good,92.7,40.75469841269841,good,93.8,6.882681047765795,good,96.6,14.978474576271184,good,96.6,3.9321109399075502,good,96.6,0.6851771956856703,good,96.6,206.58743801652892,good,90.0,65.68084745762711,good,96.6,27.9116718027735,good,96.6,142.62762711864406,good,96.6,0.0,good,96.6,754.713062283737,good,86.0,,no_data,0.0,,no_data,0.0,,no_data,0.0,,no_data,0.0,,no_data,0.0,,no_data,0.0,,no_data,0.0,,no_data,0.0,,no_data,0.0,,no_data,0.0,tier_2,7,2017,2023,1
Visakhapatnam,Andhra Pradesh,Andhra Pradesh,2018,3,51.493525377229076,good,98.0,116.79869325997248,good,97.7,8.808349249658935,good,98.5,42.999836512261574,good,98.7,30.020980926430514,good,98.7,15.42640449438202,good,95.7,0.7203125,good,98.9,12.513542234332427,good,98.7,29.60607869742198,good,99.1,5.144673913043477,good,98.9,10.516847826086956,good,98.9,2.56616847826087,good,98.9,1.1053120759837178,good,99.1,255.2776912378303,good,96.6,69.66275440976933,good,99.1,28.075603799185885,good,99.1,145.5990366350068,good,99.1,0.0,good,99.1,751.2170749279538,good,93.3,,no_data,0.0,,no_data,0.0,,no_data,0.0,,no_data,0.0,,no_data,0.0,,no_data,0.0,,no_data,0.0,,no_data,0.0,,no_data,0.0,,no_data,0.0,tier_2,7,2017,2023,1
Visakhapatnam,Andhra Pradesh,Andhra Pradesh,2018,4,24.390248833592537,good,89.3,72.39925581395349,good,89.6,9.548890600924498,good,90.1,28.68686728395062,good,90.0,22.876584615384612,good,90.3,13.870933125972007,good,89.3,0.541689708141321,good,90.4,9.283678516228749,good,89.9,20.088058551617873,good,90.1,4.145960061443932,good,90.4,8.62099846390169,good,90.4,2.540168970814132,good,90.4,1.513963133640553,good,90.4,274.455728,good,86.8,72.07373271889401,good,90.4,29.955199692780337,good,90.4,186.361490015361,good,90.4,0.0241321044546851,good,90.4,747.3726267281107,good,90.4,,no_data,0.0,,no_data,0.0,,no_data,0.0,,no_data,0.0,,no_data,0.0,,no_data,0.0,,no_data,0.0,,no_data,0.0,,no_data,0.0,,no_data,0.0,tier_2,7,2017,2023,1
Visakhapatnam,Andhra Pradesh,Andhra Pradesh,2018,5,21.726479338842974,good,81.3,74.50074303405572,good,86.8,9.319276923076924,good,87.4,29.035300462249616,good,87.2,22.915284178187402,good,87.5,10.567631578947369,good,86.8,0.45493044822256573,good,87.0,10.02648148148148,good,87.1,19.80393135725429,good,86.2,4.363384615384615,good,87.4,9.688384615384614,good,87.4,2.4919384615384614,good,87.4,1.411935483870968,good,87.5,292.0333223140496,good,81.3,73.63172043010752,good,87.5,31.55701996927803,good,87.5,178.1031797235023,good,87.5,0.024147465437788018,good,87.5,743.1966820276498,good,87.5,,no_data,0.0,,no_data,0.0,,no_data,0.0,,no_data,0.0,,no_data,0.0,,no_data,0.0,,no_data,0.0,,no_data,0.0,,no_data,0.0,,no_data,0.0,tier_2,7,2017,2023,1
Visakhapatnam,Andhra Pradesh,Andhra Pradesh,2018,6,35.22315992292871,good,72.1,104.75126923076922,good,72.2,5.138934108527132,good,71.7,41.9834555984556,good,71.9,26.115615384615385,good,72.2,13.759205426356589,good,71.7,0.5153474903474903,good,71.9,12.299071566731142,good,71.8,30.874200385356453,good,72.1,4.772153846153846,good,72.2,12.07944230769231,good,72.2,3.0136153846153846,good,72.2,1.2605865384615382,good,72.2,274.28702000000004,good,69.4,72.26055769230769,good,72.2,30.675048076923076,good,72.2,156.37136538461542,good,72.2,0.03840384615384615,good,72.2,735.9789038461539,good,72.2,,no_data,0.0,,no_data,0.0,,no_data,0.0,,no_data,0.0,,no_data,0.0,,no_data,0.0,,no_data,0.0,,no_data,0.0,,no_data,0.0,,no_data,0.0,tier_2,7,2017,2023,1
Visakhapatnam,Andhra Pradesh,Andhra Pradesh,2018,7,32.305919629057186,good,87.0,93.80026946107785,good,89.8,11.302554426705369,good,92.6,38.808662790697674,good,92.5,29.718316400580548,good,92.6,12.657414561664192,good,90.5,0.5251011560693641,good,93.0,10.795872093023256,good,92.5,14.620190895741557,good,91.5,5.103795093795093,good,93.1,12.947994227994228,good,93.1,3.9285137085137087,good,93.1,1.3686652236652237,good,93.1,284.5280917159763,good,90.9,74.2149062049062,good,93.1,28.77764069264069,good,93.1,116.70113997113997,good,93.1,0.029971139971139964,good,93.1,734.3820346320347,good,93.1,,no_data,0.0,,no_data,0.0,,no_data,0.0,,no_data,0.0,,no_data,0.0,,no_data,0.0,,no_data,0.0,,no_data,0.0,,no_data,0.0,,no_data,0.0,tier_2,7,2017,2023,1
Visakhapatnam,Andhra Pradesh,Andhra Pradesh,2018,8,40.196255144032925,good,65.3,99.52378217821783,good,67.9,15.482152917505033,good,66.8,39.70060483870968,good,66.7,33.63022132796781,good,66.8,9.833770491803277,good,65.6,0.7338899803536346,good,68.4,12.458036437246964,good,66.4,14.111479915433403,good,63.6,5.18331983805668,good,66.4,15.270728744939273,good,66.4,4.435101214574899,good,66.4,1.231159844054581,good,69.0,245.04599214145384,good,68.4,72.57191033138402,good,69.0,28.62388888888889,good,69.0,136.5956530214425,good,69.0,0.05142300194931774,good,69.0,734.4933935742972,good,66.9,,no_data,0.0,,no_data,0.0,,no_data,0.0,,no_data,0.0,,no_data,0.0,,no_data,0.0,,no_data,0.0,,no_data,0.0,,no_data,0.0,,no_data,0.0,tier_2,7,2017,2023,1
Visakhapatnam,Andhra Pradesh,Andhra Pradesh,2018,9,45.10119382022472,good,98.9,107.29295518207284,good,99.2,13.71586013986014,good,99.3,37.492769230769234,good,99.3,31.095006993006994,good,99.3,5.2284140969163,good,94.6,0.8312464985994398,good,99.2,8.74634965034965,good,99.3,22.618338028169013,good,98.6,4.841062937062937,good,99.3,14.010475524475527,good,99.3,3.9220979020979025,good,99.3,1.0248811188811189,good,99.3,226.16282517482514,good,99.3,73.26321678321678,good,99.3,28.194405594405588,good,99.3,146.02267132867135,good,99.3,0.0239020979020979,good,99.3,743.3518092566621,good,99.0,,no_data,0.0,,no_data,0.0,,no_data,0.0,,no_data,0.0,,no_data,0.0,,no_data,0.0,,no_data,0.0,,no_data,0.0,,no_data,0.0,,no_data,0.0,tier_2,7,2017,2023,1
Visakhapatnam,Andhra Pradesh,Andhra Pradesh,2018,10,61.687237237237234,good,89.5,143.04896402877696,good,93.4,12.122957937584802,good,99.1,42.42322930800543,good,99.1,32.399959294436904,good,99.1,9.061403269754768,good,98.7,0.6702445652173914,good,98.9,17.650298507462686,good,99.1,54.16588150289017,good,93.0,4.802455902306648,good,99.1,11.37291723202171,good,99.1,3.6763229308005423,good,99.1,1.0192730978260869,good,98.9,182.60002717391305,good,98.9,68.63080163043479,good,98.9,28.268566576086958,good,98.9,144.6195108695652,good,98.9,0.012184531886024424,good,99.1,749.8760869565218,good,98.9,,no_data,0.0,,no_data,0.0,,no_data,0.0,,no_data,0.0,,no_data,0.0,,no_data,0.0,,no_data,0.0,,no_data,0.0,,no_data,0.0,,no_data,0.0,tier_2,7,2017,2023,1
Visakhapatnam,Andhra Pradesh,Andhra Pradesh,2018,11,56.04595936794583,good,61.5,103.41039045553146,good,64.0,9.262780172413795,good,64.4,24.385064655172414,good,64.4,20.502392241379308,good,64.4,7.791496746203904,good,64.0,0.6835560344827585,good,64.4,9.458168103448276,good,64.4,61.88226293103448,good,64.4,3.447025862068965,good,64.4,7.134849137931035,good,64.4,2.1626293103448275,good,64.4,1.0975862068965516,good,64.4,144.33327586206897,good,64.4,69.30829741379311,good,64.4,28.13123922413793,good,64.4,128.36946120689655,good,64.4,0.0,good,64.4,753.6675,good,64.4,,no_data,0.0,,no_data,0.0,,no_data,0.0,,no_data,0.0,,no_data,0.0,,no_data,0.0,,no_data,0.0,,no_data,0.0,,no_data,0.0,,no_data,0.0,tier_2,7,2017,2023,1
Visakhapatnam,Andhra Pradesh,Andhra Pradesh,2018,12,75.0465036231884,good,74.2,130.62781021897808,good,73.7,8.556460176991152,good,75.9,37.6277304964539,good,75.8,26.928141592920355,good,75.9,8.639639065817411,good,63.3,0.7753629032258066,good,66.7,12.06372340425532,good,75.8,96.26430088495574,good,75.9,3.7900177304964533,good,75.8,7.571152482269504,good,75.8,2.23468085106383,good,75.8,1.2341637323943664,good,76.3,146.06850352112676,good,76.3,69.15422535211269,good,76.3,27.57911091549296,good,76.3,107.24468309859154,good,76.3,0.04137323943661972,good,76.3,757.1229225352113,good,76.3,,no_data,0.0,,no_data,0.0,,no_data,0.0,,no_data,0.0,,no_data,0.0,,no_data,0.0,,no_data,0.0,,no_data,0.0,,no_data,0.0,,no_data,0.0,tier_2,7,2017,2023,1
Visakhapatnam,Andhra Pradesh,Andhra Pradesh,2019,1,117.24973094170404,good,89.9,216.03739385065887,good,91.8,17.924675862068966,good,97.4,61.61113103448276,good,97.4,47.3455448275862,good,97.4,19.225573770491803,good,98.4,1.0984720327421555,good,98.5,13.881793103448274,good,97.4,80.69043356643357,good,96.1,4.570735694822888,good,98.7,7.367234332425069,good,98.7,2.800544959128066,good,98.7,0.8417983651226157,good,98.7,164.21980926430518,good,98.7,70.56787465940054,good,98.7,26.89551089918256,good,98.7,112.86400544959128,good,98.7,0.0,good,98.7,761.2174795640327,good,98.7,,no_data,0.0,,no_data,0.0,,no_data,0.0,,no_data,0.0,,no_data,0.0,,no_data,0.0,,no_data,0.0,,no_data,0.0,,no_data,0.0,,no_data,0.0,tier_2,7,2017,2023,1
Visakhapatnam,Andhra Pradesh,Andhra Pradesh,2019,2,69.54223008849557,good,84.1,156.17091932457788,good,79.3,19.68451724137931,good,86.3,47.54372413793104,good,86.3,41.242603448275865,good,86.3,12.746455696202531,good,82.3,0.928261617900172,good,86.5,13.15703448275862,good,86.3,42.36268965517242,good,86.3,2.714165232358003,good,86.5,4.504664371772805,good,86.5,1.150722891566265,good,86.5,0.9778399311531841,good,86.5,180.44106712564545,good,86.5,70.60853700516351,good,86.5,26.828339070567985,good,86.5,134.20569707401032,good,86.5,0.0,good,86.5,756.0686475409836,sparse,36.3,,no_data,0.0,,no_data,0.0,,no_data,0.0,,no_data,0.0,,no_data,0.0,,no_data,0.0,,no_data,0.0,,no_data,0.0,,no_data,0.0,,no_data,0.0,tier_2,7,2017,2023,1
Visakhapatnam,Andhra Pradesh,Andhra Pradesh,2019,3,31.40025110782866,good,91.0,96.95343151693667,good,91.3,12.689985185185185,good,90.7,34.96863703703704,good,90.7,28.804866863905325,good,90.9,13.159999999999998,good,88.7,0.7265497076023393,good,91.9,10.20991124260355,good,90.9,16.18232142857143,good,90.3,2.163766423357664,good,92.1,4.374043795620438,good,92.1,0.7479416058394162,good,92.1,1.311051094890511,good,92.1,196.34610218978105,good,92.1,73.54202919708031,good,92.1,28.7517299270073,good,92.1,167.3758102189781,good,92.1,0.012277372262773723,good,92.1,753.5978394160584,good,92.1,,no_data,0.0,,no_data,0.0,,no_data,0.0,,no_data,0.0,,no_data,0.0,,no_data,0.0,,no_data,0.0,,no_data,0.0,,no_data,0.0,,no_data,0.0,tier_2,7,2017,2023,1
Visakhapatnam,Andhra Pradesh,Andhra Pradesh,2019,4,27.183969465648854,good,91.0,92.64321321321322,good,92.5,14.597267355982279,good,94.0,29.748242245199407,good,94.0,27.682747415066473,good,94.0,8.122960725075528,good,91.9,0.7690384615384616,good,93.9,11.120280649926146,good,94.0,10.551458333333333,good,93.3,2.4863663220088625,good,94.0,4.916528803545051,good,94.0,0.8850221565731168,good,94.0,1.4940472673559824,good,94.0,203.6854505169867,good,94.0,71.1533234859675,good,94.0,28.83480059084195,good,94.0,182.38379615952732,good,94.0,0.0009158050221565731,good,94.0,749.9810782865584,good,94.0,,no_data,0.0,,no_data,0.0,,no_data,0.0,,no_data,0.0,,no_data,0.0,,no_data,0.0,,no_data,0.0,,no_data,0.0,,no_data,0.0,,no_data,0.0,tier_2,7,2017,2023,1
Visakhapatnam,Andhra Pradesh,Andhra Pradesh,2019,5,41.20447452229299,good,84.4,137.70772861356932,good,91.1,8.578820058997051,good,91.1,29.845059171597637,good,90.9,22.792640117994104,good,91.1,8.13671339563863,good,86.3,0.8244395280235989,good,91.1,13.221901528013584,good,79.2,21.001477104874446,good,91.0,2.467963246554364,good,87.8,4.117304747320062,good,87.8,0.8472281776416539,good,87.8,1.7499410029498526,good,91.1,203.5818436578171,good,91.1,72.22910029498526,good,91.1,29.548237463126846,good,91.1,170.07790560471977,good,91.1,0.016002949852507373,good,91.1,744.5881337480561,good,86.4,,no_data,0.0,,no_data,0.0,,no_data,0.0,,no_data,0.0,,no_data,0.0,,no_data,0.0,,no_data,0.0,,no_data,0.0,,no_data,0.0,,no_data,0.0,tier_2,7,2017,2023,1
Visakhapatnam,Andhra Pradesh,Andhra Pradesh,2019,6,39.57843373493976,good,80.7,111.03871517027864,good,89.7,9.397496339677891,good,94.9,42.8592093704246,good,94.9,30.433674963396776,good,94.9,12.172381679389312,good,91.0,0.8207771260997068,good,94.7,5.708055964653902,good,94.3,21.47272327964861,good,94.9,5.802664714494875,good,94.9,13.117306002928256,good,94.9,3.3609077598828696,good,94.9,1.426973684210526,good,84.4,209.53560855263157,good,84.4,71.0475822368421,good,84.4,29.89954769736842,good,84.4,136.09963815789473,good,84.4,0.011727672035139093,good,94.9,738.4121416803955,good,84.3,,no_data,0.0,,no_data,0.0,,no_data,0.0,,no_data,0.0,,no_data,0.0,,no_data,0.0,,no_data,0.0,,no_data,0.0,,no_data,0.0,,no_data,0.0,tier_2,7,2017,2023,1
Visakhapatnam,Andhra Pradesh,Andhra Pradesh,2019,7,31.038585209003216,good,83.6,98.99331782945735,good,86.7,12.995643410852711,good,86.7,38.16262015503876,good,86.7,30.817368421052628,good,86.8,12.411595925297112,good,79.2,0.7329922480620155,good,86.7,6.945689922480619,good,86.7,11.210421875,good,86.0,5.322500000000001,good,86.6,12.22917701863354,good,86.6,3.455652173913043,good,86.6,1.5050232198142413,good,86.8,206.40300309597527,good,86.8,73.99597523219813,good,86.8,28.454434984520127,good,86.8,123.6045665634675,good,86.8,0.01148606811145511,good,86.8,,insufficient,22.0,,no_data,0.0,,no_data,0.0,,no_data,0.0,,no_data,0.0,,no_data,0.0,,no_data,0.0,,no_data,0.0,,no_data,0.0,,no_data,0.0,,no_data,0.0,tier_2,7,2017,2023,1
Visakhapatnam,Andhra Pradesh,Andhra Pradesh,2019,8,33.39671691792295,good,80.2,90.58991610738255,good,80.1,14.112570951585978,good,80.5,24.71557788944724,good,80.2,24.567629382303842,good,80.5,12.199268738574041,good,73.5,0.8848160535117057,good,80.4,7.87486784140969,good,61.0,11.830050505050506,good,79.8,6.475308848080133,good,80.5,16.52736227045075,good,80.5,5.501585976627712,good,80.5,1.2481552587646076,good,80.5,217.2302504173623,good,80.5,75.67467445742906,good,80.5,28.115734557595996,good,80.5,121.68921535893155,good,80.5,0.03078464106844741,good,80.5,727.5213381995135,good,55.2,,no_data,0.0,,no_data,0.0,,no_data,0.0,,no_data,0.0,,no_data,0.0,,no_data,0.0,,no_data,0.0,,no_data,0.0,,no_data,0.0,,no_data,0.0,tier_2,7,2017,2023,1
Visakhapatnam,Andhra Pradesh,Andhra Pradesh,2019,9,25.031062271062268,good,75.8,68.65413669064748,good,77.2,20.40927046263345,good,78.1,31.095597147950084,good,77.9,33.05770462633452,good,78.1,12.795752577319588,good,67.4,0.8482300884955752,good,78.5,5.972210338680926,good,77.9,22.088241758241757,good,75.8,3.643641207815275,good,78.2,10.654333925399646,good,78.2,3.7886678507992895,good,78.2,1.0257522123893805,good,78.5,195.08295575221237,good,78.5,78.34614159292035,good,78.5,27.614522123893803,good,78.5,124.06840707964601,good,78.5,0.09049557522123892,good,78.5,737.4551245551602,sparse,39.0,,no_data,0.0,,no_data,0.0,,no_data,0.0,,no_data,0.0,,no_data,0.0,,no_data,0.0,,no_data,0.0,,no_data,0.0,,no_data,0.0,,no_data,0.0,tier_2,7,2017,2023,1
Visakhapatnam,Andhra Pradesh,Andhra Pradesh,2019,10,31.50353233830846,good,81.0,74.37592891760904,good,83.2,17.80503937007874,good,85.3,36.30839116719243,good,85.2,33.70725984251968,good,85.3,23.635415224913494,good,77.7,0.7946984126984127,good,84.7,8.84128205128205,good,68.1,27.79277864992151,good,85.6,3.7731868131868134,good,85.6,10.153908948194662,good,85.6,2.84585557299843,good,85.6,0.9742621664050236,good,85.6,193.54411302982732,good,85.6,77.18083202511774,good,85.6,29.650266875981163,good,85.6,116.76620094191524,good,85.6,0.12706436420722134,good,85.6,746.7580694980695,good,69.6,,no_data,0.0,,no_data,0.0,,no_data,0.0,,no_data,0.0,,no_data,0.0,,no_data,0.0,,no_data,0.0,,no_data,0.0,,no_data,0.0,,no_data,0.0,tier_2,7,2017,2023,1
Visakhapatnam,Andhra Pradesh,Andhra Pradesh,2019,11,70.42802962962963,good,93.8,132.7456037151703,good,89.7,10.434615384615384,good,93.9,39.65778106508876,good,93.9,29.569792899408284,good,93.9,12.171648351648352,good,88.5,0.9092899408284023,good,93.9,13.968685064935066,good,85.6,65.09147928994082,good,93.9,4.899970414201183,good,93.9,11.568772189349112,good,93.9,2.276952662721893,good,93.9,1.0013239644970413,good,93.9,182.1717603550296,good,93.9,69.47494082840237,good,93.9,28.999948224852073,good,93.9,115.14754437869821,good,93.9,0.0,good,93.9,754.904046875,good,88.9,,no_data,0.0,,no_data,0.0,,no_data,0.0,,no_data,0.0,,no_data,0.0,,no_data,0.0,,no_data,0.0,,no_data,0.0,,no_data,0.0,,no_data,0.0,tier_2,7,2017,2023,1
Visakhapatnam,Andhra Pradesh,Andhra Pradesh,2019,12,55.98927864214993,good,95.0,100.30148225469728,good,64.4,8.793154172560113,good,95.0,33.533833097595476,good,95.0,24.96820367751061,good,95.0,8.156829629629629,good,90.7,0.981881188118812,good,95.0,10.931497860199714,good,94.2,66.66916548797737,good,95.0,4.6228885630498535,good,91.7,8.758372434017595,good,91.7,2.0310703812316717,good,91.7,1.070940594059406,good,95.0,171.3396181046676,good,95.0,71.05855728429987,good,95.0,26.00975954738331,good,95.0,103.67949080622347,good,95.0,0.0,good,95.0,757.9548320413437,good,52.0,,no_data,0.0,,no_data,0.0,,no_data,0.0,,no_data,0.0,,no_data,0.0,,no_data,0.0,,no_data,0.0,,no_data,0.0,,no_data,0.0,,no_data,0.0,tier_2,7,2017,2023,1
Visakhapatnam,Andhra Pradesh,Andhra Pradesh,2020,1,60.168800000000005,good,90.7,123.4683746130031,good,86.8,10.735712187958885,good,91.5,34.86194690265487,good,91.1,27.167914831130688,good,91.5,9.498709677419354,good,87.5,1.110796460176991,good,91.1,11.987635829662262,good,91.5,49.970766961651904,good,91.1,4.662114537444935,good,91.5,8.641732745961821,good,91.5,2.173641703377386,good,91.5,1.004300441826215,good,91.3,161.7925036818851,good,91.3,75.07437407952872,good,91.3,26.098269513991163,good,91.3,115.65614138438882,good,91.3,0.0006167400881057269,good,91.5,758.3723731884056,good,74.2,,no_data,0.0,,no_data,0.0,,no_data,0.0,,no_data,0.0,,no_data,0.0,,no_data,0.0,,no_data,0.0,,no_data,0.0,,no_data,0.0,,no_data,0.0,tier_2,7,2017,2023,1
Visakhapatnam,Andhra Pradesh,Andhra Pradesh,2020,2,45.567083333333336,good,93.1,98.33616852146264,good,90.4,5.709876543209876,good,93.1,35.18006172839506,good,93.1,23.176327160493827,good,93.1,6.743200663349918,good,86.6,1.0305572755417958,good,92.8,11.81033950617284,good,93.1,29.82787365177196,good,93.2,4.1087326120556416,good,93.0,11.064250386398763,good,93.0,2.496491499227202,good,93.0,0.9191294298921419,good,93.2,170.5895223420647,good,93.2,72.90406779661018,good,93.2,26.990562403697997,good,93.2,129.75474576271188,good,93.2,0.012511556240369799,good,93.2,756.6442676311032,good,79.5,,no_data,0.0,,no_data,0.0,,no_data,0.0,,no_data,0.0,,no_data,0.0,,no_data,0.0,,no_data,0.0,,no_data,0.0,,no_data,0.0,,no_data,0.0,tier_2,7,2017,2023,1
Visakhapatnam,Andhra Pradesh,Andhra Pradesh,2020,3,28.611835443037975,good,84.9,76.46672333848532,good,87.0,5.559255813953488,good,86.7,29.804544049459043,good,87.0,20.09740740740741,good,87.1,9.6581425891182,good,71.6,0.7329953917050691,good,87.5,11.223941979522184,good,78.8,21.59061633281972,good,87.2,3.7033702531645574,good,84.9,10.98518987341772,good,84.9,2.2523101265822785,good,84.9,1.0392165898617511,good,87.5,186.4316129032258,good,87.5,72.12904761904761,good,87.5,29.929600614439323,good,87.5,168.10021505376343,good,87.5,0.0008294930875576038,good,87.5,748.6580952380953,good,87.5,,no_data,0.0,,no_data,0.0,,no_data,0.0,,no_data,0.0,,no_data,0.0,,no_data,0.0,,no_data,0.0,,no_data,0.0,,no_data,0.0,,no_data,0.0,tier_2,7,2017,2023,1
Visakhapatnam,Andhra Pradesh,Andhra Pradesh,2020,4,16.84752704791345,good,89.9,54.04386748844376,good,90.1,11.722663551401869,good,89.2,28.297649769585256,good,90.4,24.30967840735069,good,90.7,6.673988439306359,good,72.1,0.10996937212863708,good,90.7,7.4534915773353765,good,90.7,14.66303680981595,good,90.6,2.572235834609495,good,90.7,6.960459418070444,good,90.7,1.204425727411945,good,90.7,1.2628790199081166,good,90.7,197.30903522205207,good,90.7,72.09245022970903,good,90.7,31.021898928024502,good,90.7,175.65624808575805,good,90.7,0.017978560490045942,good,90.7,747.318315467075,good,90.7,,no_data,0.0,,no_data,0.0,,no_data,0.0,,no_data,0.0,,no_data,0.0,,no_data,0.0,,no_data,0.0,,no_data,0.0,,no_data,0.0,,no_data,0.0,tier_2,7,2017,2023,1
Visakhapatnam,Andhra Pradesh,Andhra Pradesh,2020,5,19.137428571428572,good,84.7,67.96199121522694,good,91.8,2.5546610169491526,good,95.2,22.189181692094316,good,96.9,13.568168044077135,good,97.6,8.237396630934152,good,87.8,0.18505633802816904,good,95.4,9.678792613636364,good,94.6,22.05304469273743,good,96.2,2.403328729281768,good,97.3,6.33421270718232,good,97.3,1.168121546961326,good,97.3,1.0703856749311296,good,97.6,193.07411845730027,good,97.6,72.15250688705234,good,97.6,30.986887052341597,good,97.6,162.04495867768594,good,97.6,0.008044077134986225,good,97.6,744.4048732394366,good,95.4,,no_data,0.0,,no_data,0.0,,no_data,0.0,,no_data,0.0,,no_data,0.0,,no_data,0.0,,no_data,0.0,,no_data,0.0,,no_data,0.0,,no_data,0.0,tier_2,7,2017,2023,1
Visakhapatnam,Andhra Pradesh,Andhra Pradesh,2020,6,23.54762736535662,good,95.4,80.79333333333334,good,96.7,4.716527977044477,good,96.8,35.48269121813031,good,98.1,22.348203677510607,good,98.2,8.780919732441472,good,83.1,0.6383050847457626,good,98.3,10.241085714285715,good,97.2,29.07575931232092,good,96.9,2.7999426934097422,good,96.9,8.093753581661892,good,96.9,1.4441547277936964,good,96.9,1.0209039548022598,good,98.3,202.6341242937853,good,98.3,75.5559604519774,good,98.3,30.817838983050844,good,98.3,131.11998587570622,good,98.3,0.023545197740112996,good,98.3,741.8824576271187,good,98.3,,no_data,0.0,,no_data,0.0,,no_data,0.0,,no_data,0.0,,no_data,0.0,,no_data,0.0,,no_data,0.0,,no_data,0.0,,no_data,0.0,,no_data,0.0,tier_2,7,2017,2023,1
Visakhapatnam,Andhra Pradesh,Andhra Pradesh,2020,7,25.775182679296346,good,99.3,76.33749661705008,good,99.3,7.913214285714285,good,97.8,34.53259109311741,good,99.6,24.53142857142857,good,99.7,8.057102102102103,good,89.5,0.655188679245283,good,99.7,6.478401639344263,good,98.4,25.400603566529494,good,98.0,1.2274926686217007,good,91.7,1.865293255131965,good,91.7,0.601642228739003,good,91.7,1.1079784366576821,good,99.7,211.0309703504043,good,99.7,76.91497304582211,good,99.7,29.22664420485175,good,99.7,128.4754716981132,good,99.7,0.038126684636118596,good,99.7,742.5762264150943,good,99.7,,no_data,0.0,,no_data,0.0,,no_data,0.0,,no_data,0.0,,no_data,0.0,,no_data,0.0,,no_data,0.0,,no_data,0.0,,no_data,0.0,,no_data,0.0,tier_2,7,2017,2023,1
Visakhapatnam,Andhra Pradesh,Andhra Pradesh,2020,8,25.07633825944171,good,81.9,71.06661623108666,good,97.7,7.033142857142858,good,98.8,28.175535956580735,good,99.1,20.72014884979702,good,99.3,10.747702702702703,good,89.5,0.3480431848852901,good,99.6,7.077744154057771,good,97.7,25.411324324324326,good,99.5,1.3009276944065484,good,98.5,3.3927557980900414,good,98.5,0.785675306957708,good,98.5,1.3056950067476383,good,99.6,223.92611336032388,good,99.6,77.21437246963563,good,99.6,29.5705330634278,good,99.6,99.35715249662617,good,99.6,0.028677462887989204,good,99.6,741.2281916329284,good,99.6,,no_data,0.0,,no_data,0.0,,no_data,0.0,,no_data,0.0,,no_data,0.0,,no_data,0.0,,no_data,0.0,,no_data,0.0,,no_data,0.0,,no_data,0.0,tier_2,7,2017,2023,1
Visakhapatnam,Andhra Pradesh,Andhra Pradesh,2020,9,29.523947368421048,good,95.0,76.55819971870605,good,98.8,8.868967551622418,good,94.2,31.65704641350211,good,98.8,23.17828651685393,good,98.9,7.847071197411003,good,85.8,0.3646993006993007,good,99.3,7.583962804005723,good,97.1,28.678771186440677,good,98.3,1.557008426966292,good,98.9,4.632556179775281,good,98.9,1.3482584269662923,good,98.9,0.9445104895104895,good,99.3,192.4526013986014,good,99.3,76.30678321678323,good,99.3,29.370223776223774,good,99.3,132.42830769230767,good,99.3,0.057748251748251746,good,99.3,743.1738881118882,good,99.3,,no_data,0.0,,no_data,0.0,,no_data,0.0,,no_data,0.0,,no_data,0.0,,no_data,0.0,,no_data,0.0,,no_data,0.0,,no_data,0.0,,no_data,0.0,tier_2,7,2017,2023,1
Visakhapatnam,Andhra Pradesh,Andhra Pradesh,2020,10,47.676383647798744,good,85.5,111.86242225859247,good,82.1,17.61448979591837,good,92.2,36.662108345534406,good,91.8,33.626457725947525,good,92.2,7.561282051282052,good,73.4,0.4215620437956204,good,92.1,7.022459016393443,good,90.2,34.34646017699115,good,91.1,0.821593567251462,good,91.9,1.8516520467836257,good,91.9,0.8249707602339181,good,91.9,0.6980174927113703,good,92.2,195.9837317784257,good,92.2,73.86307580174928,good,92.2,27.759373177842566,good,92.2,104.76569970845482,good,92.2,0.09513119533527697,good,92.2,744.6116326530613,good,92.2,,no_data,0.0,,no_data,0.0,,no_data,0.0,,no_data,0.0,,no_data,0.0,,no_data,0.0,,no_data,0.0,,no_data,0.0,,no_data,0.0,,no_data,0.0,tier_2,7,2017,2023,1
Visakhapatnam,Andhra Pradesh,Andhra Pradesh,2020,11,60.66825806451613,good,86.1,123.82901453957997,good,86.0,18.516169871794872,good,86.7,24.113499197431782,good,86.5,27.824182692307694,good,86.7,10.908709677419356,good,77.5,0.7176205787781351,good,86.4,5.841028938906752,good,86.4,57.69870192307693,good,86.7,3.1919582664526485,good,86.5,8.555264847512039,good,86.5,3.4927287319422153,good,86.5,1.0197120000000002,good,86.8,144.79923200000002,good,86.8,69.137344,good,86.8,26.357712,good,86.8,111.686144,good,86.8,0.009184000000000001,good,86.8,749.9123954983922,good,86.4,,no_data,0.0,,no_data,0.0,,no_data,0.0,,no_data,0.0,,no_data,0.0,,no_data,0.0,,no_data,0.0,,no_data,0.0,,no_data,0.0,,no_data,0.0,tier_2,7,2017,2023,1
Visakhapatnam,Andhra Pradesh,Andhra Pradesh,2020,12,95.76076086956522,good,98.9,194.92631436314363,good,99.2,59.10099184782609,good,98.9,26.79922554347826,good,98.9,62.19552238805971,good,99.1,14.249832572298326,good,88.3,1.2513324360699865,good,99.9,5.863305322128851,good,96.0,65.93290322580646,good,100.0,4.852319587628866,good,78.2,10.290154639175258,good,78.2,3.161443298969072,good,78.2,0.8250201612903226,good,100.0,128.48549865229108,good,99.7,68.71944892473118,good,100.0,25.16115591397849,good,100.0,109.29872311827957,good,100.0,0.0,good,100.0,750.6004838709678,good,100.0,,no_data,0.0,,no_data,0.0,,no_data,0.0,,no_data,0.0,,no_data,0.0,,no_data,0.0,,no_data,0.0,,no_data,0.0,,no_data,0.0,,no_data,0.0,tier_2,7,2017,2023,1
Visakhapatnam,Andhra Pradesh,Andhra Pradesh,2021,1,82.91741525423728,good,95.2,166.87905933429812,good,92.9,15.07467787114846,good,96.0,46.595070028011214,good,96.0,37.032591036414566,good,96.0,14.817518684603886,good,89.9,0.9649859550561799,good,95.7,18.207953890489915,good,93.3,33.338935574229694,good,96.0,4.09319696969697,good,88.7,10.43260606060606,good,88.7,2.4169545454545456,good,88.7,0.785126404494382,good,95.7,129.64435185185187,sparse,29.0,72.8592415730337,good,95.7,26.83968487394958,good,96.0,106.13349719101124,good,95.7,0.015379213483146066,good,95.7,750.7514325842697,good,95.7,,no_data,0.0,,no_data,0.0,,no_data,0.0,,no_data,0.0,,no_data,0.0,,no_data,0.0,,no_data,0.0,,no_data,0.0,,no_data,0.0,,no_data,0.0,tier_2,7,2017,2023,1
Visakhapatnam,Andhra Pradesh,Andhra Pradesh,2021,2,64.36250819672131,good,90.8,156.4548888888889,good,87.1,26.88751633986928,good,91.1,47.782942176870755,good,87.5,47.62813725490196,good,91.1,12.111386481802427,good,85.9,0.6239967105263158,good,90.5,30.368651877133104,good,87.2,24.779690048939642,good,91.2,3.3411475409836067,good,90.8,8.10155737704918,good,90.8,3.0571311475409835,good,90.8,0.868240589198036,good,90.9,158.81976939203355,good,71.0,68.89281505728314,good,90.9,26.487749590834696,good,90.9,128.42096563011455,good,90.9,0.0,good,91.2,751.4885057471264,good,90.6,,no_data,0.0,,no_data,0.0,,no_data,0.0,,no_data,0.0,,no_data,0.0,,no_data,0.0,,no_data,0.0,,no_data,0.0,,no_data,0.0,,no_data,0.0,tier_2,7,2017,2023,1
Visakhapatnam,Andhra Pradesh,Andhra Pradesh,2021,3,49.61389880952381,good,90.3,141.5495912408759,good,92.1,18.43268613138686,good,92.1,48.46970802919708,good,92.1,40.816145985401455,good,92.1,8.64174880763116,good,84.5,0.8517518248175183,good,92.1,32.24388321167883,good,92.1,13.61061403508772,good,91.9,3.3452485380116954,good,91.9,10.229385964912282,good,91.9,3.464576023391812,good,91.9,1.0362116788321165,good,92.1,230.85660565723794,good,80.8,71.09725547445255,good,92.1,28.673328467153283,good,92.1,143.8960875912409,good,92.1,0.0,good,92.1,749.0800291970803,good,92.1,,no_data,0.0,,no_data,0.0,,no_data,0.0,,no_data,0.0,,no_data,0.0,,no_data,0.0,,no_data,0.0,,no_data,0.0,,no_data,0.0,,no_data,0.0,tier_2,7,2017,2023,1
Visakhapatnam,Andhra Pradesh,Andhra Pradesh,2021,4,32.96314696485623,good,86.9,95.28846399999999,good,86.8,12.696939102564103,good,86.7,37.36352564102564,good,86.7,30.131728000000003,good,86.8,13.493250414593698,good,83.8,0.4162998405103668,good,87.1,27.07862179487179,good,86.7,11.926859903381642,good,86.2,2.30150641025641,good,86.7,6.3358974358974365,good,86.7,1.5525,good,86.7,1.1631499202551834,good,87.1,223.8354226475279,good,87.1,74.55503987240829,good,87.1,29.289505582137163,good,87.1,149.93757575757576,good,87.1,0.003179650238473768,good,87.4,748.0756299840511,good,87.1,,no_data,0.0,,no_data,0.0,,no_data,0.0,,no_data,0.0,,no_data,0.0,,no_data,0.0,,no_data,0.0,,no_data,0.0,,no_data,0.0,,no_data,0.0,tier_2,7,2017,2023,1
Visakhapatnam,Andhra Pradesh,Andhra Pradesh,2021,5,23.835864661654135,good,89.4,74.30273775216139,good,93.3,12.478414285714285,good,94.1,31.346480686695276,good,94.0,26.796757142857146,good,94.1,12.516328358208954,good,90.1,0.4634714285714285,good,94.1,22.37496328928047,good,91.5,14.08989247311828,good,87.5,2.429554597701149,good,93.5,8.84096264367816,good,93.5,1.583735632183908,good,93.5,1.10325,good,94.1,207.54221428571427,good,94.1,72.1528,good,94.1,30.72573571428571,good,94.1,162.8947142857143,good,94.1,0.022199999999999998,good,94.1,745.2045,good,94.1,,no_data,0.0,,no_data,0.0,,no_data,0.0,,no_data,0.0,,no_data,0.0,,no_data,0.0,,no_data,0.0,,no_data,0.0,,no_data,0.0,,no_data,0.0,tier_2,7,2017,2023,1
Visakhapatnam,Andhra Pradesh,Andhra Pradesh,2021,6,31.663833097595475,good,98.2,94.23189928057553,good,96.5,11.379590395480227,good,98.3,37.09608757062147,good,98.3,29.031963276836155,good,98.3,9.88924198250729,good,95.3,0.6377966101694915,good,98.3,18.100932203389828,good,98.3,11.557320169252467,good,98.5,3.0297312588401697,good,98.2,9.751244695898162,good,98.2,1.6764214992927864,good,98.2,1.1972073342736247,good,98.5,219.01988716502117,good,98.5,73.36169252468265,good,98.5,29.8752538787024,good,98.5,127.42970380818053,good,98.5,0.027954866008462628,good,98.5,743.9819322990127,good,98.5,,no_data,0.0,,no_data,0.0,,no_data,0.0,,no_data,0.0,,no_data,0.0,,no_data,0.0,,no_data,0.0,,no_data,0.0,,no_data,0.0,,no_data,0.0,tier_2,7,2017,2023,1
Visakhapatnam,Andhra Pradesh,Andhra Pradesh,2021,7,25.40466947960619,good,95.6,77.88490514905149,good,99.2,16.102135135135136,good,99.5,37.87598648648648,good,99.5,33.257756756756756,good,99.5,10.034597222222223,good,96.8,0.7457972972972973,good,99.5,18.678430555555554,good,96.8,8.501270270270272,good,99.5,4.131578231292517,good,98.8,14.265047619047618,good,98.8,2.459727891156463,good,98.8,0.9899324324324323,good,99.5,218.38375675675678,good,99.5,77.58501351351352,good,99.5,29.441263513513512,good,99.5,117.15255405405405,good,99.5,0.03439189189189189,good,99.5,742.7424324324325,good,99.5,,no_data,0.0,,no_data,0.0,,no_data,0.0,,no_data,0.0,,no_data,0.0,,no_data,0.0,,no_data,0.0,,no_data,0.0,,no_data,0.0,,no_data,0.0,tier_2,7,2017,2023,1
Visakhapatnam,Andhra Pradesh,Andhra Pradesh,2021,8,30.46322533136966,good,91.3,86.13943536404162,good,90.5,16.095942857142855,good,94.1,37.40594285714286,good,94.1,33.024385714285714,good,94.1,13.743624454148472,good,92.3,0.7870613409415121,good,94.2,21.033081395348834,good,92.5,8.83828614008942,good,90.2,5.822639885222382,good,93.7,14.108407460545193,good,93.7,3.0627833572453373,good,93.7,0.9342368045649074,good,94.2,,insufficient,17.9,75.48087018544935,good,94.2,29.633858773181167,good,94.2,125.70222539229673,good,94.2,0.019943100995732575,good,94.5,744.2509415121255,good,94.2,,no_data,0.0,,no_data,0.0,,no_data,0.0,,no_data,0.0,,no_data,0.0,,no_data,0.0,,no_data,0.0,,no_data,0.0,,no_data,0.0,,no_data,0.0,tier_2,7,2017,2023,1
Visakhapatnam,Andhra Pradesh,Andhra Pradesh,2021,9,25.515301542777,good,99.0,82.73052186177715,good,98.5,21.51322625698324,good,99.4,36.922220670391056,good,99.4,37.15805865921787,good,99.4,14.653762376237623,good,98.2,0.8288826815642458,good,99.4,19.38104964539007,good,97.9,13.901854951185493,good,99.6,2.256195804195804,good,99.3,17.465174825174824,good,99.3,2.880867132867133,good,99.3,0.8648884239888424,good,99.6,253.43400606980273,good,91.5,79.99326359832635,good,99.6,28.971945606694565,good,99.6,109.07679218967921,good,99.6,0.13510460251046025,good,99.6,744.0572765363129,good,99.4,,no_data,0.0,,no_data,0.0,,no_data,0.0,,no_data,0.0,,no_data,0.0,,no_data,0.0,,no_data,0.0,,no_data,0.0,,no_data,0.0,,no_data,0.0,tier_2,7,2017,2023,1
Visakhapatnam,Andhra Pradesh,Andhra Pradesh,2021,10,46.01596866096866,good,94.4,109.42621169916436,good,96.5,12.367085020242913,good,99.6,32.6431713900135,good,99.6,27.43468286099865,good,99.6,11.533106382978724,good,94.8,0.7199730094466936,good,99.6,37.65391123439667,good,96.9,24.094358974358972,good,99.6,2.5480405405405406,good,99.5,23.631797297297297,good,99.5,12.721445945945945,good,99.5,0.7980094466936573,good,99.6,197.28391363022942,good,99.6,75.85334682860999,good,99.6,30.086410256410254,good,99.6,121.3072334682861,good,99.6,0.029257759784075573,good,99.6,746.7296356275305,good,99.6,,no_data,0.0,,no_data,0.0,,no_data,0.0,,no_data,0.0,,no_data,0.0,,no_data,0.0,,no_data,0.0,,no_data,0.0,,no_data,0.0,,no_data,0.0,tier_2,7,2017,2023,1
Visakhapatnam,Andhra Pradesh,Andhra Pradesh,2021,11,51.90063271604939,good,90.0,88.28837175792506,good,96.4,6.454569444444443,good,100.0,20.520319888734353,good,99.9,16.165541666666666,good,100.0,18.552760563380282,good,98.6,0.651,good,100.0,28.376344537815125,good,99.2,38.81727272727272,good,99.3,1.8605277777777778,good,100.0,7.881013888888889,good,100.0,5.247055555555556,good,100.0,1.0074305555555556,good,100.0,134.80243055555556,good,100.0,76.42555555555556,good,100.0,27.869500000000002,good,100.0,95.74995833333334,good,100.0,0.0425,good,100.0,748.5357083333333,good,100.0,,no_data,0.0,,no_data,0.0,,no_data,0.0,,no_data,0.0,,no_data,0.0,,no_data,0.0,,no_data,0.0,,no_data,0.0,,no_data,0.0,,no_data,0.0,tier_2,7,2017,2023,1
Visakhapatnam,Andhra Pradesh,Andhra Pradesh,2021,12,60.75681198910082,good,98.7,119.84994366197184,good,95.4,12.23356182795699,good,100.0,37.54940860215054,good,100.0,29.95391129032258,good,100.0,15.948642149929277,good,95.0,0.6527553763440861,good,100.0,13.595141700404858,good,99.6,35.32497829232995,good,92.9,2.942402159244264,good,99.6,10.442307692307692,good,99.6,12.319784075573548,good,99.6,0.7798857526881721,good,100.0,157.10575268817203,good,100.0,71.83530913978495,good,100.0,26.263958333333335,good,100.0,102.32685483870966,good,100.0,0.00016129032258064516,good,100.0,751.0650806451614,good,100.0,,no_data,0.0,,no_data,0.0,,no_data,0.0,,no_data,0.0,,no_data,0.0,,no_data,0.0,,no_data,0.0,,no_data,0.0,,no_data,0.0,,no_data,0.0,tier_2,7,2017,2023,1
Visakhapatnam,Andhra Pradesh,Andhra Pradesh,2022,1,65.79638440860214,good,100.0,132.3228184281843,good,99.2,12.301774193548388,good,100.0,38.103077956989246,good,100.0,30.311787634408603,good,100.0,18.15462365591398,good,100.0,0.6222043010752688,good,100.0,11.84998646820027,good,99.3,27.07369631901841,good,87.6,3.456644204851752,good,99.7,11.179393530997306,good,99.7,2.2286118598382747,good,99.7,0.4421370967741936,good,100.0,169.7956182795699,good,100.0,76.02212365591399,good,100.0,25.67149865591398,good,100.0,118.25774193548386,good,100.0,0.009610215053763442,good,100.0,750.1937365591398,good,100.0,,no_data,0.0,,no_data,0.0,,no_data,0.0,,no_data,0.0,,no_data,0.0,,no_data,0.0,,no_data,0.0,,no_data,0.0,,no_data,0.0,,no_data,0.0,tier_2,7,2017,2023,1
Visakhapatnam,Andhra Pradesh,Andhra Pradesh,2022,2,54.44642512077295,good,92.4,134.11469458987784,good,85.3,17.862424242424243,good,93.3,47.598738019169325,good,93.2,39.82610845295056,good,93.3,13.660502431118312,good,91.8,0.4751993620414674,good,93.3,12.176810897435898,good,92.9,30.6757552581262,good,77.8,1.1026837060702877,good,93.2,5.566789137380191,good,93.2,0.8785623003194889,good,93.2,0.4138755980861244,good,93.3,205.41379585326953,good,93.3,72.04043062200957,good,93.3,26.975813397129187,good,93.3,146.25207336523124,good,93.3,0.0,good,93.3,749.4607496012759,good,93.3,,no_data,0.0,,no_data,0.0,,no_data,0.0,,no_data,0.0,,no_data,0.0,,no_data,0.0,,no_data,0.0,,no_data,0.0,,no_data,0.0,,no_data,0.0,tier_2,7,2017,2023,1
Visakhapatnam,Andhra Pradesh,Andhra Pradesh,2022,3,52.33359781121751,good,98.3,138.84303643724698,good,99.6,17.57221467391304,good,98.9,44.99748641304348,good,98.9,38.23994565217392,good,98.9,14.003542274052478,good,92.2,0.6184938941655359,good,99.1,11.521927536231884,good,92.7,20.51628164556962,good,84.9,0.5058434547908232,good,99.6,2.2761133603238863,good,99.6,0.4122941970310392,good,99.6,0.4498043184885289,good,99.6,228.78889338731446,good,99.6,71.61112010796221,good,99.6,29.556632928475032,good,99.6,145.644669365722,good,99.6,0.0,good,99.6,747.1948710990501,good,99.1,,no_data,0.0,,no_data,0.0,,no_data,0.0,,no_data,0.0,,no_data,0.0,,no_data,0.0,,no_data,0.0,,no_data,0.0,,no_data,0.0,,no_data,0.0,tier_2,7,2017,2023,1
Visakhapatnam,Andhra Pradesh,Andhra Pradesh,2022,4,20.633387096774197,good,94.7,81.40848306332842,good,94.3,12.434887005649717,good,98.3,27.78888575458392,good,98.5,24.90211565585332,good,98.5,16.065930930930932,good,92.5,0.6405500705218617,good,98.5,12.818343195266273,good,93.9,18.787568,good,86.8,1.6519605077574049,good,98.5,6.427179125528912,good,98.5,1.1760648801128348,good,98.5,0.8384978843441467,good,98.5,236.13111424541611,good,98.5,74.51606488011284,good,98.5,31.095479548660084,good,98.5,140.51313117066292,good,98.5,0.0,good,98.5,745.7635119887165,good,98.5,,no_data,0.0,,no_data,0.0,,no_data,0.0,,no_data,0.0,,no_data,0.0,,no_data,0.0,,no_data,0.0,,no_data,0.0,,no_data,0.0,,no_data,0.0,tier_2,7,2017,2023,1
Visakhapatnam,Andhra Pradesh,Andhra Pradesh,2022,5,32.675928792569664,good,86.8,94.36180834621328,good,87.0,10.608411764705881,good,91.4,25.976043276661514,good,87.0,21.765705882352943,good,91.4,13.419734789391574,good,86.2,0.21277941176470588,good,91.4,15.619528718703977,good,91.3,19.365155096011822,good,91.0,1.7832794117647057,good,91.4,8.897235294117648,good,91.4,1.474426470588235,good,91.4,0.8455506607929515,good,91.5,214.51945668135096,good,91.5,75.00603524229075,good,91.5,31.39089574155653,good,91.5,133.27242290748896,good,91.5,0.04452276064610866,good,91.5,742.406161764706,good,91.4,,no_data,0.0,,no_data,0.0,,no_data,0.0,,no_data,0.0,,no_data,0.0,,no_data,0.0,,no_data,0.0,,no_data,0.0,,no_data,0.0,,no_data,0.0,tier_2,7,2017,2023,1
Visakhapatnam,Andhra Pradesh,Andhra Pradesh,2022,6,36.35452459016394,good,84.7,96.96165467625897,good,96.5,21.264591104734578,good,96.8,34.57948350071736,good,96.8,35.73106169296987,good,96.8,11.966219879518071,good,92.2,0.4477618364418939,good,96.8,18.120574712643677,good,96.7,8.849281609195403,good,96.7,2.7387948350071736,good,96.8,16.346786226685794,good,96.8,2.360846484935437,good,96.8,0.9627618364418937,good,96.8,257.8449928263989,good,96.8,77.64427546628407,good,96.8,30.179892395982787,good,96.8,117.40223816355811,good,96.8,0.033615494978479196,good,96.8,743.1723385939741,good,96.8,,no_data,0.0,,no_data,0.0,,no_data,0.0,,no_data,0.0,,no_data,0.0,,no_data,0.0,,no_data,0.0,,no_data,0.0,,no_data,0.0,,no_data,0.0,tier_2,7,2017,2023,1
Visakhapatnam,Andhra Pradesh,Andhra Pradesh,2022,7,29.135480378890396,good,99.3,90.14987252124646,good,94.9,28.150352303523032,good,99.2,32.77279132791328,good,99.2,40.366395663956645,good,99.2,11.856234309623428,good,96.4,0.41420054200542006,good,99.2,15.445972789115645,good,98.8,5.532395128552097,good,99.3,2.6094316644113666,good,99.3,21.220405953991882,good,99.3,2.5106495263870094,good,99.3,1.0215290933694183,good,99.3,256.4552097428958,good,99.3,78.22231393775373,good,99.3,29.200027063599457,good,99.3,103.85607577807848,good,99.3,0.03706359945872801,good,99.3,741.8476995940459,good,99.3,,no_data,0.0,,no_data,0.0,,no_data,0.0,,no_data,0.0,,no_data,0.0,,no_data,0.0,,no_data,0.0,,no_data,0.0,,no_data,0.0,,no_data,0.0,tier_2,7,2017,2023,1
Visakhapatnam,Andhra Pradesh,Andhra Pradesh,2022,8,29.521318977119783,good,99.9,95.36275204359674,good,98.7,24.807119784656795,good,99.9,31.053432032301483,good,99.9,36.7364064602961,good,99.9,10.046590909090908,good,94.6,0.39845430107526886,good,100.0,16.497604306864066,good,99.9,7.898542510121457,good,99.6,2.160851351351351,good,99.5,13.208635135135134,good,99.5,6.325554016620499,good,97.0,0.5364180107526881,good,100.0,255.98422043010754,good,100.0,76.46643817204301,good,100.0,29.573965053763438,good,100.0,110.08869623655913,good,100.0,0.01599462365591398,good,100.0,742.7643413978495,good,100.0,,no_data,0.0,,no_data,0.0,,no_data,0.0,,no_data,0.0,,no_data,0.0,,no_data,0.0,,no_data,0.0,,no_data,0.0,,no_data,0.0,,no_data,0.0,tier_2,7,2017,2023,1
Visakhapatnam,Andhra Pradesh,Andhra Pradesh,2022,9,29.26351123595506,good,98.9,84.06406705539358,good,95.3,27.191724617524336,good,99.9,32.361293463143255,good,99.9,39.370250347705145,good,99.9,13.379725806451614,good,86.1,0.45965277777777774,good,100.0,17.13807531380753,good,99.6,16.578272980501392,good,99.7,2.5809916201117318,good,99.4,13.96336592178771,good,99.4,9.19672268907563,good,99.2,0.43369444444444444,good,100.0,246.63430555555558,good,100.0,77.83859722222222,good,100.0,29.31953472222222,good,100.0,110.89130555555555,good,100.0,0.028416666666666666,good,100.0,744.5573194444445,good,100.0,,no_data,0.0,,no_data,0.0,,no_data,0.0,,no_data,0.0,,no_data,0.0,,no_data,0.0,,no_data,0.0,,no_data,0.0,,no_data,0.0,,no_data,0.0,tier_2,7,2017,2023,1
Visakhapatnam,Andhra Pradesh,Andhra Pradesh,2022,10,43.62113943028486,good,89.7,93.60795652173913,good,92.7,19.70902370990237,good,96.4,31.07500699300699,good,96.1,32.37836363636364,good,96.1,22.56302158273381,good,93.4,0.47943977591036413,good,96.0,18.805251396648046,good,96.2,24.05575630252101,good,96.0,2.0485855728429985,good,95.0,9.21994342291372,good,95.0,0.9542715700141444,good,95.0,0.4428898426323319,good,94.0,222.7768292682927,good,93.7,74.11441893830703,good,93.7,28.97625538020086,good,93.7,105.54207439198856,good,94.0,0.09066852367688022,good,96.5,747.4005602240896,good,96.0,,no_data,0.0,,no_data,0.0,,no_data,0.0,,no_data,0.0,,no_data,0.0,,no_data,0.0,,no_data,0.0,,no_data,0.0,,no_data,0.0,,no_data,0.0,tier_2,7,2017,2023,1
Visakhapatnam,Andhra Pradesh,Andhra Pradesh,2022,11,70.845125,good,100.0,155.72389121338912,good,99.6,15.706230876216967,good,99.9,41.301500000000004,good,100.0,34.67278164116829,good,99.9,23.324083333333334,good,100.0,0.6195694444444445,good,100.0,18.10665730337079,good,98.9,28.436208333333333,good,100.0,2.727055555555556,good,100.0,10.349291666666666,good,100.0,1.2304583333333334,good,100.0,0.354375,good,100.0,213.75356944444445,good,100.0,68.42444444444445,good,100.0,27.480416666666663,good,100.0,101.94606944444445,good,100.0,0.009319444444444444,good,100.0,749.9496388888889,good,100.0,,no_data,0.0,,no_data,0.0,,no_data,0.0,,no_data,0.0,,no_data,0.0,,no_data,0.0,,no_data,0.0,,no_data,0.0,,no_data,0.0,,no_data,0.0,tier_2,7,2017,2023,1
Visakhapatnam,Andhra Pradesh,Andhra Pradesh,2022,12,79.39601190476192,good,90.3,159.57125179856115,good,93.4,14.80533426183844,good,96.5,34.16241620111732,good,96.2,30.076267409470756,good,96.5,22.99923620933522,good,95.0,0.7173816155988858,good,96.5,23.871806722689076,good,96.0,22.803760445682453,good,96.5,2.780934449093445,good,96.4,9.69142259414226,good,96.4,0.7962482566248256,good,96.4,0.3278690807799443,good,96.5,218.04437325905292,good,96.5,74.31438718662952,good,96.5,26.63392757660167,good,96.5,96.73164345403899,good,96.5,0.005752089136490251,good,96.5,750.1867270194987,good,96.5,,no_data,0.0,,no_data,0.0,,no_data,0.0,,no_data,0.0,,no_data,0.0,,no_data,0.0,,no_data,0.0,,no_data,0.0,,no_data,0.0,,no_data,0.0,tier_2,7,2017,2023,1
Visakhapatnam,Andhra Pradesh,Andhra Pradesh,2023,1,89.86124277456646,good,93.0,189.89412983425416,good,97.3,31.163889655172415,good,97.4,39.78692413793104,good,97.4,46.54024827586207,good,97.4,6.292790262172285,good,71.8,0.9102762430939226,good,97.3,30.68081379310345,good,97.4,16.570083333333336,good,96.8,3.8551933701657455,good,97.3,18.801381215469615,good,97.3,1.4208011049723754,good,97.3,0.29395862068965517,good,97.4,225.53867586206894,good,97.4,72.54233103448276,good,97.4,25.963979310344826,good,97.4,106.79211034482759,good,97.4,0.0015448275862068967,good,97.4,751.2919586206896,good,97.4,,no_data,0.0,,no_data,0.0,,no_data,0.0,,no_data,0.0,,no_data,0.0,,no_data,0.0,,no_data,0.0,,no_data,0.0,,no_data,0.0,,no_data,0.0,tier_2,7,2017,2023,1
Visakhapatnam,Andhra Pradesh,Andhra Pradesh,2023,2,63.78568595041322,good,90.0,167.12017915309448,good,91.4,30.46243902439024,good,91.5,34.870390879478826,good,91.4,43.3169430894309,good,91.5,6.471954022988506,good,77.7,1.0116910569105693,good,91.5,19.659073170731705,good,91.5,14.119529220779219,good,91.7,3.086412337662338,good,91.7,14.756866883116883,good,91.7,0.9544642857142858,good,91.7,0.9978084415584417,good,91.7,249.94227272727272,good,91.7,74.55594155844156,good,91.7,26.964480519480517,good,91.7,112.14887987012987,good,91.7,0.0,good,91.7,750.3716233766235,good,91.7,,no_data,0.0,,no_data,0.0,,no_data,0.0,,no_data,0.0,,no_data,0.0,,no_data,0.0,,no_data,0.0,,no_data,0.0,,no_data,0.0,,no_data,0.0,tier_2,7,2017,2023,1
Visakhapatnam,Andhra Pradesh,Andhra Pradesh,2023,3,52.31309090909091,good,96.1,156.53942657342657,good,96.1,37.45546722454672,good,96.4,40.450613668061365,good,96.4,52.036122733612274,good,96.4,12.983386167146977,good,93.3,1.020208913649025,good,96.5,15.056513249651326,good,96.4,17.47616417910448,good,90.1,3.4244011142061286,good,96.5,15.436364902506966,good,96.5,1.1927019498607243,good,96.5,0.9933356545961002,good,96.5,254.19194986072424,good,96.5,69.99292479108635,good,96.5,27.9499860724234,good,96.5,125.29473537604456,good,96.5,0.016657381615598887,good,96.5,749.3669916434541,good,96.5,,no_data,0.0,,no_data,0.0,,no_data,0.0,,no_data,0.0,,no_data,0.0,,no_data,0.0,,no_data,0.0,,no_data,0.0,,no_data,0.0,,no_data,0.0,tier_2,7,2017,2023,1
